conf_abbr	date	game_location	game_result	game_streak	losses	notes	opp_name	opp_points	points	school_name	ties	time_game	wins
Ind	1881-10-31	@	L	L 1	1	Boston, MA	Harvard	1	0	Michigan	0		0
Ind	1881-11-02	@	L	L 2	2		Yale	2	0	Michigan	0		0
Ind	1881-11-04	@	L	L 3	3		Princeton	1	0	Michigan	0		0
Non-Major	1883-03-12		W	W 1	0		Detroit A.C.	5	40	Michigan	0		1
Ind	1883-11-19	@	L	L 1	1		Wesleyan (CT)	14	6	Michigan	0		1
Ind	1883-11-21	@	L	L 2	2		Yale	64	0	Michigan	0		1
Ind	1883-11-22	@	L	L 3	3		Harvard	3	0	Michigan	0		1
Ind	1883-11-27	@	L	L 4	4		Stevens	5	1	Michigan	0		1
Non-Major	1892-10-08		W	W 1	0		Michigan A.C.	0	74	Michigan	0		1
Non-Major	1892-10-12	N	W	W 2	0	Detroit, MI	Michigan A.C.	0	68	Michigan	0		2
Ind	1892-10-15	@	W	W 3	0		Wisconsin	6	10	Michigan	0		3
Ind	1892-10-17	@	L	L 1	1		Minnesota	14	6	Michigan	0		3
Non-Major	1892-10-22	@	W	W 1	1	Indianapolis, IN	DePauw	0	18	Michigan	0		4
Ind	1892-10-24	@	L	L 1	2		Purdue	24	0	Michigan	0		4
Ind	1892-10-29	@	L	L 2	3	Chicago, IL	Northwestern	10	8	Michigan	0		4
Non-Major	1892-11-05		W	W 1	3		Albion	8	60	Michigan	0		5
Ind	1892-11-08	@	L	L 1	4		Cornell	44	0	Michigan	0		5
Ind	1892-11-12	N	W	W 1	4	Toledo, OH	Chicago	10	18	Michigan	0		6
Non-Major	1892-11-19		W	W 2	4		Oberlin	24	26	Michigan	0		7
Ind	1892-11-22		L	L 1	5		Cornell	30	10	Michigan	0		7
Non-Major	1893-10-07		W	W 1	0		Detroit A.C.	0	6	Michigan	0		1
Non-Major	1893-10-14	@	W	W 2	0		Detroit A.C.	0	26	Michigan	0		2
Ind	1893-10-21	@	L	L 1	1		Chicago	10	6	Michigan	0		2
Ind	1893-10-28		L	L 2	2		Minnesota	34	20	Michigan	0		2
Ind	1893-11-04		L	L 3	3		Wisconsin	34	18	Michigan	0		2
Ind	1893-11-11	@	W	W 1	3		Purdue	8	46	Michigan	0		3
Non-Major	1893-11-13	@	W	W 2	3		DePauw	0	34	Michigan	0		4
Ind	1893-11-18		W	W 3	3		Northwestern	6	72	Michigan	0		5
Non-Major	1893-11-25	@	W	W 4	3	Kansas City, MO	Kansas	0	22	Michigan	0		6
Ind	1893-11-30	@	W	W 5	3		Chicago	10	28	Michigan	0		7
Non-Major	1894-10-06		T	T 1	0		Michigan Military Academy	12	12	Michigan	1		0
Non-Major	1894-10-13		W	W 1	0		Albion	10	26	Michigan	1		1
Non-Major	1894-10-17		W	W 2	0		Olivet	0	48	Michigan	1		2
Non-Major	1894-10-21		W	W 3	0		Michigan Military Academy	6	40	Michigan	1		3
Non-Major	1894-10-24		W	W 4	0		Adrian	0	46	Michigan	1		4
Non-Major	1894-10-28	@	W	W 5	0		Case	8	18	Michigan	1		5
Ind	1894-11-03	@	L	L 1	1		Cornell	22	0	Michigan	1		5
Non-Major	1894-11-10	@	W	W 1	1	Kansas City, MO	Kansas	12	22	Michigan	1		6
Non-Major	1894-11-17		W	W 2	1		Oberlin	6	14	Michigan	1		7
Ind	1894-11-24		W	W 3	1		Cornell	4	12	Michigan	1		8
Ind	1894-11-29	@	W	W 4	1		Chicago	4	6	Michigan	1		9
Non-Major	1895-10-05		W	W 1	0		Michigan Military Academy	0	34	Michigan	0		1
Non-Major	1895-10-12		W	W 2	0		Detroit A.C.	0	42	Michigan	0		2
Non-Major	1895-10-19		W	W 3	0		Adelbert	0	64	Michigan	0		3
Ind	1895-10-26		W	W 4	0		Lake Forest	0	40	Michigan	0		4
Non-Major	1895-11-02		W	W 5	0		Oberlin	0	42	Michigan	0		5
Ind	1895-11-09	@	L	L 1	1		Harvard	4	0	Michigan	0		5
Ind	1895-11-16		W	W 1	1		Purdue	10	12	Michigan	0		6
Ind	1895-11-23		W	W 2	1	Detroit, MI	Minnesota	0	20	Michigan	0		7
Ind	1895-11-28	@	W	W 3	1		Chicago	0	12	Michigan	0		8
Non-Major	1896-10-03		W	W 1	0		Eastern Michigan	0	18	Michigan	0		1
Non-Major	1896-10-10		W	W 2	0		Grand Rapids High	0	44	Michigan	0		2
Non-Major	1896-10-15		W	W 3	0		Physicians & Surgeons	0	28	Michigan	0		3
Ind	1896-10-17		W	W 4	0		Lake Forest	0	66	Michigan	0		4
Western	1896-10-24	@	W	W 5	0		Purdue	0	16	Michigan	0		5
Ind	1896-10-31		W	W 6	0	Detroit, MI	Lehigh	0	40	Michigan	0		6
Western	1896-11-07	@	W	W 7	0		Minnesota	4	6	Michigan	0		7
Non-Major	1896-11-14		W	W 8	0		Oberlin	0	10	Michigan	0		8
Non-Major	1896-11-21		W	W 9	0		Wittenberg	0	28	Michigan	0		9
Western	1896-11-26	@	L	L 1	1	Chicago, IL	Chicago	7	6	Michigan	0		9
Non-Major	1897-10-02		W	W 1	0		Eastern Michigan	0	24	Michigan	0		1
Non-Major	1897-10-09		T	T 1	0		Ohio Wesleyan	0	0	Michigan	1		1
Non-Major	1897-10-16		W	W 1	0		Ohio State	0	36	Michigan	1		2
Non-Major	1897-10-23		W	W 2	0		Oberlin	6	16	Michigan	1		3
Western	1897-11-06		W	W 3	0		Purdue	4	34	Michigan	1		4
Western	1897-11-13		W	W 4	0	Detroit, MI	Minnesota	0	14	Michigan	1		5
Non-Major	1897-11-20		W	W 5	0		Wittenberg	0	32	Michigan	1		6
Western	1897-11-25	@	L	L 1	1	Chicago, IL	Chicago	21	12	Michigan	1		6
Non-Major	1898-10-01		W	W 1	0		Eastern Michigan	0	21	Michigan	0		1
Non-Major	1898-10-08		W	W 2	0		Kenyon	0	29	Michigan	0		2
Non-Major	1898-10-12		W	W 3	0		Michigan State	0	39	Michigan	0		3
Non-Major	1898-10-17		W	W 4	0		Western Reserve	0	18	Michigan	0		4
Non-Major	1898-10-19		W	W 5	0		Case	5	23	Michigan	0		5
Non-Major	1898-10-23		W	W 6	0		Notre Dame	0	23	Michigan	0		6
Western	1898-11-05	@	W	W 7	0	Chicago, IL	Northwestern	5	6	Michigan	0		7
Western	1898-11-12		W	W 8	0	Detroit, MI	Illinois	5	12	Michigan	0		8
Ind	1898-11-19		W	W 9	0		Beloit	0	22	Michigan	0		9
Western	1898-11-24	@	W	W 10	0		Chicago	11	12	Michigan	0		10
Non-Major	1899-09-30		W	W 1	0		Hillsdale	0	11	Michigan	0		1
Non-Major	1899-10-07		W	W 2	0		Albion	0	26	Michigan	0		2
Non-Major	1899-10-11		W	W 3	0		Western Reserve	0	17	Michigan	0		3
Ind	1899-10-18		W	W 4	0		Notre Dame	0	12	Michigan	0		4
Western	1899-10-28	@	W	W 5	0		Illinois	0	5	Michigan	0		5
Non-Major	1899-11-04		W	W 6	0	Detroit, MI	Virginia	0	38	Michigan	0		6
Ind	1899-11-11	@	L	L 1	1		Pennsylvania	11	10	Michigan	0		6
Non-Major	1899-11-18		W	W 1	1		Case	6	28	Michigan	0		7
Non-Major	1899-11-25		W	W 2	1		Kalamazoo	9	24	Michigan	0		8
Western	1899-11-30	N	L	L 1	2	Chicago, IL	Wisconsin	17	5	Michigan	0		8
Non-Major	1900-09-29		W	W 1	0		Hillsdale	0	29	Michigan	0		1
Non-Major	1900-10-06		W	W 2	0		Kalamazoo	0	11	Michigan	0		2
Non-Major	1900-10-13		W	W 3	0		Case	6	24	Michigan	0		3
Western	1900-10-20		W	W 4	0		Purdue	6	11	Michigan	0		4
Western	1900-10-27	@	W	W 5	0	Chicago, IL	Illinois	0	12	Michigan	0		5
Western	1900-11-03		W	W 6	0		Indiana	0	12	Michigan	0		6
Western	1900-11-10		L	L 1	1	Detroit, MI	Iowa	28	5	Michigan	0		6
Ind	1900-11-17		W	W 1	1		Notre Dame	0	7	Michigan	0		7
Non-Major	1900-11-24		T	T 1	1		Ohio State	0	0	Michigan	1		7
Western	1900-11-29	@	L	L 1	2		Chicago	15	6	Michigan	1		7
Non-Major	1901-09-28		W	W 1	0		Albion	0	50	Michigan	0		1
Non-Major	1901-10-05		W	W 2	0		Case	0	57	Michigan	0		2
Western	1901-10-12		W	W 3	0		Indiana	0	33	Michigan	0		3
Western	1901-10-19		W	W 4	0		Northwestern	0	29	Michigan	0		4
Non-Major	1901-10-26		W	W 5	0		Buffalo	0	128	Michigan	0		5
Ind	1901-11-02		W	W 6	0	Detroit, MI	Carlisle	0	22	Michigan	0		6
Non-Major	1901-11-09	@	W	W 7	0		Ohio State	0	21	Michigan	0		7
Western	1901-11-16		W	W 8	0		Chicago	0	22	Michigan	0		8
Ind	1901-11-23		W	W 9	0		Beloit	0	89	Michigan	0		9
Western	1901-11-28	N	W	W 10	0	Chicago, IL	Iowa	0	50	Michigan	0		10
Non-Major	1902-01-01	N	W	W 11	0	Rose Bowl (Rose Bowl (Pasadena, CA))	Stanford	0	49	Michigan	0		11
Non-Major	1902-09-27		W	W 1	0		Albion	0	88	Michigan	0		1
Non-Major	1902-10-04		W	W 2	0		Case	6	48	Michigan	0		2
Non-Major	1902-10-08		W	W 3	0		Michigan State	0	119	Michigan	0		3
Western	1902-10-11		W	W 4	0		Indiana	0	60	Michigan	0		4
Ind	1902-10-18	N	W	W 5	0	Toledo, OH	Notre Dame	0	23	Michigan	0		5
Non-Major	1902-10-25		W	W 6	0		Ohio State	0	86	Michigan	0		6
Western	1902-11-01	N	W	W 7	0	Chicago, IL	Wisconsin	0	6	Michigan	0		7
Western	1902-11-08		W	W 8	0		Iowa	0	107	Michigan	0		8
Western	1902-11-15	@	W	W 9	0		Chicago	0	21	Michigan	0		9
Non-Major	1902-11-22		W	W 10	0		Oberlin	0	63	Michigan	0		10
Western	1902-11-27		W	W 11	0		Minnesota	6	23	Michigan	0		11
Non-Major	1903-10-03		W	W 1	0		Case	0	31	Michigan	0		1
Non-Major	1903-10-08		W	W 2	0		Albion	0	76	Michigan	0		2
Ind	1903-10-10		W	W 3	0		Beloit	0	79	Michigan	0		3
Non-Major	1903-10-14		W	W 4	0		Ohio Northern	0	65	Michigan	0		4
Western	1903-10-17		W	W 5	0		Indiana	0	51	Michigan	0		5
Non-Major	1903-10-21		W	W 6	0		Ferris State	0	88	Michigan	0		6
Ind	1903-10-24		W	W 7	0		Drake	0	47	Michigan	0		7
Western	1903-10-31	@	T	T 1	0		Minnesota	6	6	Michigan	1		7
Non-Major	1903-11-07		W	W 1	0		Ohio State	0	36	Michigan	1		8
Western	1903-11-14		W	W 2	0		Wisconsin	0	16	Michigan	1		9
Non-Major	1903-11-21		W	W 3	0		Oberlin	0	42	Michigan	1		10
Western	1903-11-26	@	W	W 4	0		Chicago	0	28	Michigan	1		11
Non-Major	1904-10-01		W	W 1	0		Case	0	33	Michigan	0		1
Non-Major	1904-10-05		W	W 2	0		Ohio Northern	0	48	Michigan	0		2
Non-Major	1904-10-08		W	W 3	0		Kalamazoo	0	95	Michigan	0		3
Non-Major	1904-10-12		W	W 4	0		Physicians & Surgeons	0	72	Michigan	0		4
Ind	1904-10-15	@	W	W 5	0		Ohio State	6	31	Michigan	0		5
Non-Major	1904-10-19		W	W 6	0		American Medical	0	72	Michigan	0		6
Non-Major	1904-10-22		W	W 7	0		West Virginia	0	130	Michigan	0		7
Western	1904-10-29	@	W	W 8	0		Wisconsin	0	28	Michigan	0		8
Ind	1904-11-05		W	W 9	0		Drake	4	36	Michigan	0		9
Western	1904-11-12		W	W 10	0		Chicago	12	22	Michigan	0		10
Non-Major	1905-09-30		W	W 1	0		Ohio Wesleyan	0	65	Michigan	0		1
Non-Major	1905-10-04		W	W 2	0		Kalamazoo	0	44	Michigan	0		2
Non-Major	1905-10-07		W	W 3	0		Case	0	36	Michigan	0		3
Non-Major	1905-10-11		W	W 4	0		Ohio Northern	0	23	Michigan	0		4
Ind	1905-10-14		W	W 5	0		Vanderbilt	0	18	Michigan	0		5
Ind	1905-10-21		W	W 6	0		Nebraska	0	31	Michigan	0		6
Non-Major	1905-10-25		W	W 7	0		Albion	0	70	Michigan	0		7
Ind	1905-10-28		W	W 8	0		Drake	0	48	Michigan	0		8
Western	1905-11-04	@	W	W 9	0		Illinois	0	33	Michigan	0		9
Non-Major	1905-11-11		W	W 10	0		Ohio State	0	40	Michigan	0		10
Western	1905-11-18		W	W 11	0		Wisconsin	0	12	Michigan	0		11
Non-Major	1905-11-25		W	W 12	0		Oberlin	0	75	Michigan	0		12
Western	1905-11-30	@	L	L 1	1		Chicago	2	0	Michigan	0		12
Non-Major	1906-10-06		W	W 1	0		Case	0	28	Michigan	0		1
Non-Major	1906-10-20	@	W	W 2	0		Ohio State	0	6	Michigan	0		2
Western	1906-10-27		W	W 3	0		Illinois	9	28	Michigan	0		3
Ind	1906-11-03		W	W 4	0		Vanderbilt	4	10	Michigan	0		4
Ind	1906-11-17	@	L	L 1	1		Pennsylvania	17	0	Michigan	0		4
Non-Major	1907-10-05		W	W 1	0		Case	0	9	Michigan	0		1
Non-Major	1907-10-12		W	W 2	0		Michigan State	0	46	Michigan	0		2
Non-Major	1907-10-19	@	W	W 3	0	Indianapolis, IN	Wabash	0	22	Michigan	0		3
Non-Major	1907-10-26		W	W 4	0		Ohio State	0	22	Michigan	0		4
Ind	1907-11-02	@	W	W 5	0		Vanderbilt	0	8	Michigan	0		5
Ind	1907-11-16		L	L 1	1		Pennsylvania	6	0	Michigan	0		5
Non-Major	1908-10-03		W	W 1	0		Case	6	16	Michigan	0		1
Non-Major	1908-10-10	@	T	T 1	0		Michigan State	0	0	Michigan	1		1
Non-Major	1908-10-17		W	W 1	0		Notre Dame	6	12	Michigan	1		2
Non-Major	1908-10-24	@	W	W 2	0		Ohio State	6	10	Michigan	1		3
Ind	1908-10-31		W	W 3	0		Vanderbilt	6	24	Michigan	1		4
Non-Major	1908-11-07		W	W 4	0		Kentucky	0	62	Michigan	1		5
Ind	1908-11-14		L	L 1	1		Pennsylvania	29	0	Michigan	1		5
Ind	1908-11-21	@	L	L 2	2		Syracuse	28	4	Michigan	1		5
Non-Major	1909-10-09		W	W 1	0		Case	0	3	Michigan	0		1
Non-Major	1909-10-16		W	W 2	0		Ohio State	6	33	Michigan	0		2
Non-Major	1909-10-23	@	W	W 3	0		Marquette	5	6	Michigan	0		3
Ind	1909-10-30		W	W 4	0		Syracuse	0	44	Michigan	0		4
Non-Major	1909-11-06		L	L 1	1		Notre Dame	11	3	Michigan	0		4
Ind	1909-11-13	@	W	W 1	1		Pennsylvania	6	12	Michigan	0		5
Western	1909-11-20	@	W	W 2	1		Minnesota	6	15	Michigan	0		6
Non-Major	1910-10-08		T	T 1	0		Case	3	3	Michigan	1		0
Non-Major	1910-10-15		W	W 1	0		Michigan State	3	6	Michigan	1		1
Non-Major	1910-10-22	@	T	T 1	0		Ohio State	3	3	Michigan	2		1
Ind	1910-10-29	@	W	W 1	0		Syracuse	0	11	Michigan	2		2
Ind	1910-11-12	@	T	T 1	0		Pennsylvania	0	0	Michigan	3		2
Western	1910-11-19		W	W 1	0		Minnesota	0	6	Michigan	3		3
Non-Major	1911-10-07		W	W 1	0		Case	0	24	Michigan	0		1
Non-Major	1911-10-14	@	W	W 2	0		Michigan State	3	15	Michigan	0		2
Non-Major	1911-10-21		W	W 3	0		Ohio State	0	19	Michigan	0		3
Ind	1911-10-28		W	W 4	0		Vanderbilt	8	9	Michigan	0		4
Ind	1911-11-04		T	T 1	0		Syracuse	6	6	Michigan	1		4
Ind	1911-11-11	@	L	L 1	1		Cornell	6	0	Michigan	1		4
Ind	1911-11-18		W	W 1	1		Pennsylvania	9	11	Michigan	1		5
MVIAA	1911-11-25	@	T	T 1	1		Nebraska	6	6	Michigan	2		5
Non-Major	1912-10-05		W	W 1	0		Case	0	34	Michigan	0		1
Non-Major	1912-10-12		W	W 2	0		Michigan State	7	55	Michigan	0		2
Non-Major	1912-10-19	@	W	W 3	0		Ohio State	0	14	Michigan	0		3
Ind	1912-10-26	@	L	L 1	1		Syracuse	18	7	Michigan	0		3
Non-Major	1912-11-02		W	W 1	1		South Dakota	6	7	Michigan	0		4
Ind	1912-11-09	@	L	L 1	2		Pennsylvania	27	21	Michigan	0		4
Ind	1912-11-16		W	W 1	2		Cornell	7	20	Michigan	0		5
Non-Major	1913-10-04		W	W 1	0		Case	0	48	Michigan	0		1
Non-Major	1913-10-11		W	W 2	0		Mount Union	0	14	Michigan	0		2
Non-Major	1913-10-18		L	L 1	1		Michigan State	12	7	Michigan	0		2
Ind	1913-10-25	@	W	W 1	1		Vanderbilt	2	33	Michigan	0		3
Ind	1913-11-01		W	W 2	1		Syracuse	7	43	Michigan	0		4
Ind	1913-11-08	@	W	W 3	1		Cornell	0	17	Michigan	0		5
Ind	1913-11-15		W	W 4	1		Pennsylvania	0	13	Michigan	0		6
Non-Major	1914-09-30		W	W 1	0		DePauw	0	58	Michigan	0		1
Non-Major	1914-10-03		W	W 2	0		Case	0	69	Michigan	0		2
Non-Major	1914-10-07		W	W 3	0		Mount Union	7	27	Michigan	0		3
Ind	1914-10-10		W	W 4	0		Vanderbilt	3	23	Michigan	0		4
Non-Major	1914-10-17	@	W	W 5	0		Michigan State	0	3	Michigan	0		5
Ind	1914-10-24	@	L	L 1	1		Syracuse	20	6	Michigan	0		5
Ind	1914-10-31	@	L	L 2	2		Harvard	7	0	Michigan	0		5
Ind	1914-11-07		W	W 1	2		Pennsylvania	3	34	Michigan	0		6
Ind	1914-11-14		L	L 1	3		Cornell	28	13	Michigan	0		6
Non-Major	1915-10-06		W	W 1	0		Lawrence	0	39	Michigan	0		1
Non-Major	1915-10-09		W	W 2	0		Mount Union	0	35	Michigan	0		2
Non-Major	1915-10-13		W	W 3	0		Marietta	6	28	Michigan	0		3
Non-Major	1915-10-16		W	W 4	0		Case	3	14	Michigan	0		4
Non-Major	1915-10-23		L	L 1	1		Michigan State	24	0	Michigan	0		4
Ind	1915-10-30		L	L 2	2		Syracuse	14	7	Michigan	0		4
Ind	1915-11-06		L	L 3	3		Cornell	34	7	Michigan	0		4
Ind	1915-11-13	@	T	T 1	3		Pennsylvania	0	0	Michigan	1		4
Non-Major	1916-10-04		W	W 1	0		Marietta	0	38	Michigan	0		1
Non-Major	1916-10-07		W	W 2	0		Case	3	19	Michigan	0		2
Non-Major	1916-10-11		W	W 3	0		Carroll (Wisconsin)	0	54	Michigan	0		3
Non-Major	1916-10-14		W	W 4	0		Mount Union	0	26	Michigan	0		4
Non-Major	1916-10-21		W	W 5	0		Michigan State	0	9	Michigan	0		5
Ind	1916-10-28		W	W 6	0		Syracuse	13	14	Michigan	0		6
MVIAA	1916-11-04		W	W 7	0		Washington (MO)	7	66	Michigan	0		7
Ind	1916-11-11	@	L	L 1	1		Cornell	23	20	Michigan	0		7
Ind	1916-11-18		L	L 2	2		Pennsylvania	10	7	Michigan	0		7
Non-Major	1917-10-06		W	W 1	0		Case	0	41	Michigan	0		1
Non-Major	1917-10-10		W	W 2	0		Western Michigan	13	17	Michigan	0		2
Non-Major	1917-10-13		W	W 3	0		Mount Union	0	69	Michigan	0		3
Non-Major	1917-10-17		W	W 4	0		Detroit Mercy	3	14	Michigan	0		4
Non-Major	1917-10-20	@	W	W 5	0		Michigan State	0	27	Michigan	0		5
MVIAA	1917-10-27		W	W 6	0		Nebraska	0	20	Michigan	0		6
Non-Major	1917-11-03		W	W 7	0		Kalamazoo	0	62	Michigan	0		7
Ind	1917-11-10		W	W 8	0		Cornell	0	42	Michigan	0		8
Ind	1917-11-17	@	L	L 1	1		Pennsylvania	16	0	Michigan	0		8
Western	1917-11-24	@	L	L 2	2		Northwestern	21	12	Michigan	0		8
Non-Major	1918-10-05		W	W 1	0		Case	0	33	Michigan	0		1
Western	1918-11-09	@	W	W 2	0		Chicago	0	13	Michigan	0		2
Ind	1918-11-16		W	W 3	0		Syracuse	0	15	Michigan	0		3
Ind	1918-11-23		W	W 4	0		Michigan State	6	21	Michigan	0		4
Western	1918-11-30		W	W 5	0		Ohio State	0	14	Michigan	0		5
Non-Major	1919-10-04		W	W 1	0		Case	0	34	Michigan	0		1
Non-Major	1919-10-18		W	W 2	0		Michigan State	0	26	Michigan	0		2
Western	1919-10-25		L	L 1	1		Ohio State	13	3	Michigan	0		2
Western	1919-11-01		W	W 1	1		Northwestern	13	16	Michigan	0		3
Western	1919-11-08	@	L	L 1	2		Chicago	13	0	Michigan	0		3
Western	1919-11-15	@	L	L 2	3		Illinois	29	7	Michigan	0		3
Western	1919-11-22		L	L 3	4		Minnesota	34	7	Michigan	0		3
Non-Major	1920-10-09		W	W 1	0		Case	0	35	Michigan	0		1
Non-Major	1920-10-16		W	W 2	0		Michigan State	0	35	Michigan	0		2
Western	1920-10-23		L	L 1	1		Illinois	7	6	Michigan	0		2
Ind	1920-10-30		W	W 1	1		Tulane	0	21	Michigan	0		3
Western	1920-11-06	@	L	L 1	2		Ohio State	14	7	Michigan	0		3
Western	1920-11-13		W	W 1	2		Chicago	0	14	Michigan	0		4
Western	1920-11-20	@	W	W 2	2		Minnesota	0	3	Michigan	0		5
Non-Major	1921-10-01		W	W 1	0		Mount Union	0	44	Michigan	0		1
Non-Major	1921-10-08		W	W 2	0		Case	0	65	Michigan	0		2
Non-Major	1921-10-15		W	W 3	0		Michigan State	0	30	Michigan	0		3
Western	1921-10-22		L	L 1	1		Ohio State	14	0	Michigan	0		3
Western	1921-10-29	@	W	W 1	1		Illinois	0	3	Michigan	0		4
Western	1921-11-12	@	T	T 1	1		Wisconsin	7	7	Michigan	1		4
Western	1921-11-19		W	W 1	1		Minnesota	0	38	Michigan	1		5
Non-Major	1922-10-07		W	W 1	0		Case	0	48	Michigan	0		1
Southern	1922-10-14	@	T	T 1	0		Vanderbilt	0	0	Michigan	1		1
Western	1922-10-21	@	W	W 1	0		Ohio State	0	19	Michigan	1		2
Western	1922-10-28		W	W 2	0		Illinois	0	24	Michigan	1		3
Non-Major	1922-11-04		W	W 3	0		Michigan State	0	63	Michigan	1		4
Western	1922-11-18		W	W 4	0		Wisconsin	6	13	Michigan	1		5
Western	1922-11-25	@	W	W 5	0		Minnesota	7	16	Michigan	1		6
Non-Major	1923-10-06		W	W 1	0		Case	0	36	Michigan	0		1
Southern	1923-10-13		W	W 2	0		Vanderbilt	0	3	Michigan	0		2
Western	1923-10-20		W	W 3	0		Ohio State	0	23	Michigan	0		3
Non-Major	1923-10-27		W	W 4	0		Michigan State	0	37	Michigan	0		4
Western	1923-11-03	@	W	W 5	0		Iowa	3	9	Michigan	0		5
Non-Major	1923-11-10		W	W 6	0		Quantico Marines	6	26	Michigan	0		6
Western	1923-11-17	@	W	W 7	0		Wisconsin	3	6	Michigan	0		7
Western	1923-11-24		W	W 8	0		Minnesota	0	10	Michigan	0		8
Non-Major	1924-10-04		W	W 1	0		Miami (OH)	0	55	Michigan	0		1
Non-Major	1924-10-11	@	W	W 2	0		Michigan State	0	7	Michigan	0		2
Western	1924-10-18	@	L	L 1	1		Illinois	39	14	Michigan	0		2
Western	1924-10-25		W	W 1	1		Wisconsin	0	21	Michigan	0		3
Western	1924-11-01	@	W	W 2	1		Minnesota	0	13	Michigan	0		4
Western	1924-11-08		W	W 3	1		Northwestern	0	27	Michigan	0		5
Western	1924-11-15	@	W	W 4	1		Ohio State	6	16	Michigan	0		6
Western	1924-11-22		L	L 1	2		Iowa	9	2	Michigan	0		6
Ind	1925-10-03		W	W 1	0		Michigan State	0	39	Michigan	0		1
Western	1925-10-10		W	W 2	0		Indiana	0	63	Michigan	0		2
Western	1925-10-17	@	W	W 3	0		Wisconsin	0	21	Michigan	0		3
Western	1925-10-24	@	W	W 4	0		Illinois	0	3	Michigan	0		4
Ind	1925-10-31		W	W 5	0		Navy	0	54	Michigan	0		5
Western	1925-11-07	@	L	L 1	1	Chicago, IL	Northwestern	3	2	Michigan	0		5
Western	1925-11-14		W	W 1	1		Ohio State	0	10	Michigan	0		6
Western	1925-11-21		W	W 2	1		Minnesota	0	35	Michigan	0		7
MVIAA	1926-10-02		W	W 1	0		Oklahoma State	3	42	Michigan	0		1
Ind	1926-10-09		W	W 2	0		Michigan State	3	55	Michigan	0		2
Western	1926-10-16		W	W 3	0		Minnesota	0	20	Michigan	0		3
Western	1926-10-23		W	W 4	0		Illinois	0	13	Michigan	0		4
Ind	1926-10-30	@	L	L 1	1	Baltimore, MD	Navy	10	0	Michigan	0		4
Western	1926-11-06		W	W 1	1		Wisconsin	0	37	Michigan	0		5
Western	1926-11-13	@	W	W 2	1		Ohio State	16	17	Michigan	0		6
Western	1926-11-20	@	W	W 3	1		Minnesota	6	7	Michigan	0		7
Non-Major	1927-10-01		W	W 1	0		Ohio Wesleyan	0	33	Michigan	0		1
Ind	1927-10-08		W	W 2	0		Michigan State	0	21	Michigan	0		2
Western	1927-10-15	@	W	W 3	0		Wisconsin	0	14	Michigan	0		3
Western	1927-10-22		W	W 4	0		Ohio State	0	21	Michigan	0		4
Western	1927-10-29	@	L	L 1	1		Illinois	14	0	Michigan	0		4
Western	1927-11-05	@	W	W 1	1		Chicago	0	14	Michigan	0		5
Ind	1927-11-12		W	W 2	1		Navy	12	27	Michigan	0		6
Western	1927-11-19		L	L 1	2		Minnesota	13	7	Michigan	0		6
Non-Major	1928-10-06		L	L 1	1		Ohio Wesleyan	17	7	Michigan	0		0
Western	1928-10-13		L	L 2	2		Indiana	6	0	Michigan	0		0
Western	1928-10-20	@	L	L 3	3		Ohio State	19	7	Michigan	0		0
Western	1928-10-27		L	L 4	4		Wisconsin	7	0	Michigan	0		0
Western	1928-11-03		W	W 1	4		Illinois	0	3	Michigan	0		1
Ind	1928-11-10	@	T	T 1	4	Baltimore, MD	Navy	6	6	Michigan	1		1
Ind	1928-11-17		W	W 1	4		Michigan State	0	3	Michigan	1		2
Western	1928-11-24		W	W 2	4		Iowa	7	10	Michigan	1		3
Non-Major	1929-09-27		W	W 1	0		Albion	0	39	Michigan	0		1
Non-Major	1929-09-28		W	W 2	0		Mount Union	6	16	Michigan	0		2
Ind	1929-10-05		W	W 3	0		Michigan State	0	17	Michigan	0		3
Western	1929-10-12	@	L	L 1	1		Purdue	30	16	Michigan	0		3
Western	1929-10-19		L	L 2	2		Ohio State	7	0	Michigan	0		3
Western	1929-10-26	@	L	L 3	3		Illinois	14	0	Michigan	0		3
Ind	1929-11-09		W	W 1	3		Harvard	12	14	Michigan	0		4
Western	1929-11-16	@	W	W 2	3		Minnesota	6	7	Michigan	0		5
Western	1929-11-23		T	T 1	3		Iowa	0	0	Michigan	1		5
Non-Major	1930-09-26		W	W 1	0		Denison	0	33	Michigan	0		1
Non-Major	1930-09-27		W	W 2	0		Eastern Michigan	0	7	Michigan	0		2
Ind	1930-10-04		T	T 1	0		Michigan State	0	0	Michigan	1		2
Western	1930-10-11		W	W 1	0		Purdue	13	14	Michigan	1		3
Western	1930-10-18	@	W	W 2	0		Ohio State	0	13	Michigan	1		4
Western	1930-10-25		W	W 3	0		Illinois	7	15	Michigan	1		5
Ind	1930-11-08	@	W	W 4	0		Harvard	3	6	Michigan	1		6
Western	1930-11-15		W	W 5	0		Minnesota	0	7	Michigan	1		7
Western	1930-11-22		W	W 6	0		Chicago	0	16	Michigan	1		8
Non-Major	1931-10-02		W	W 1	0		Central Michigan	0	27	Michigan	0		1
Non-Major	1931-10-03		W	W 2	0		Eastern Michigan	0	34	Michigan	0		2
Western	1931-10-10		W	W 3	0		Chicago	7	13	Michigan	0		3
Western	1931-10-17		L	L 1	1		Ohio State	20	7	Michigan	0		3
Western	1931-10-24	@	W	W 1	1		Illinois	0	35	Michigan	0		4
Ind	1931-10-31	@	W	W 2	1		Princeton	0	21	Michigan	0		5
Western	1931-11-07		W	W 3	1		Indiana	0	22	Michigan	0		6
Ind	1931-11-14		T	T 1	1		Michigan State	0	0	Michigan	1		6
Western	1931-11-21		W	W 1	1		Minnesota	0	6	Michigan	1		7
Western	1931-11-28		W	W 2	1		Wisconsin	0	16	Michigan	1		8
Ind	1932-10-01		W	W 1	0		Michigan State	0	26	Michigan	0		1
Western	1932-10-08		W	W 2	0		Northwestern	6	15	Michigan	0		2
Western	1932-10-15	@	W	W 3	0		Ohio State	0	14	Michigan	0		3
Western	1932-10-22		W	W 4	0		Illinois	0	32	Michigan	0		4
Ind	1932-10-29		W	W 5	0		Princeton	7	14	Michigan	0		5
Western	1932-11-05	@	W	W 6	0		Indiana	0	7	Michigan	0		6
Western	1932-11-12		W	W 7	0		Chicago	0	12	Michigan	0		7
Western	1932-11-19	@	W	W 8	0		Minnesota	0	3	Michigan	0		8
Ind	1933-10-07		W	W 1	0		Michigan State	6	20	Michigan	0		1
Ind	1933-10-14		W	W 2	0		Cornell	0	40	Michigan	0		2
Western	1933-10-21		W	W 3	0		Ohio State	0	13	Michigan	0		3
Western	1933-10-28	@	W	W 4	0		Chicago	0	28	Michigan	0		4
Western	1933-11-04	@	W	W 5	0		Illinois	6	7	Michigan	0		5
Western	1933-11-11		W	W 6	0		Iowa	6	10	Michigan	0		6
Western	1933-11-18		T	T 1	0		Minnesota	0	0	Michigan	1		6
Western	1933-11-25	@	W	W 1	0		Northwestern	0	13	Michigan	1		7
Ind	1934-10-06		L	L 1	1		Michigan State	16	0	Michigan	0		0
Western	1934-10-13	@	L	L 2	2		Chicago	27	0	Michigan	0		0
SEC	1934-10-20		W	W 1	2		Georgia Tech	2	9	Michigan	0		1
Western	1934-10-27		L	L 1	3		Illinois	7	6	Michigan	0		1
Western	1934-11-03	@	L	L 2	4		Minnesota	34	0	Michigan	0		1
Western	1934-11-10		L	L 3	5		Wisconsin	10	0	Michigan	0		1
Western	1934-11-17	@	L	L 4	6		Ohio State	34	0	Michigan	0		1
Western	1934-11-24		L	L 5	7		Northwestern	13	6	Michigan	0		1
Ind	1935-10-05		L	L 1	1		Michigan State	25	6	Michigan	0		0
Western	1935-10-12		W	W 1	1		Indiana	0	7	Michigan	0		1
Western	1935-10-19	@	W	W 2	1		Wisconsin	12	20	Michigan	0		2
Ind	1935-10-26	@	W	W 3	1		Columbia	7	19	Michigan	0		3
Ind	1935-11-02		W	W 4	1		Pennsylvania	6	16	Michigan	0		4
Western	1935-11-09	@	L	L 1	2		Illinois	3	0	Michigan	0		4
Western	1935-11-16		L	L 2	3		Minnesota	40	0	Michigan	0		4
Western	1935-11-23		L	L 3	4		Ohio State	38	0	Michigan	0		4
Ind	1936-10-03		L	L 1	1		Michigan State	21	7	Michigan	0		0
Western	1936-10-10		L	L 2	2		Indiana	14	3	Michigan	0		0
Western	1936-10-17	@	L	L 3	3		Minnesota	26	0	Michigan	0		0
Ind	1936-10-24		W	W 1	3		Columbia	0	13	Michigan	0		1
Western	1936-10-31		L	L 1	4		Illinois	9	6	Michigan	0		1
Ind	1936-11-07	@	L	L 2	5		(15) Pennsylvania	27	7	Michigan	0		1
Western	1936-11-14		L	L 3	6		(1) Northwestern	9	0	Michigan	0		1
Western	1936-11-21	@	L	L 4	7		(18) Ohio State	21	0	Michigan	0		1
Ind	1937-10-02		L	L 1	1		Michigan State	19	14	Michigan	0		0
Western	1937-10-09	@	L	L 2	2		Northwestern	7	0	Michigan	0		0
Western	1937-10-16		L	L 3	3		Minnesota	39	6	Michigan	0		0
Western	1937-10-23	@	W	W 1	3		Iowa	6	7	Michigan	0		1
Western	1937-10-30	@	W	W 2	3		Illinois	6	7	Michigan	0		2
Western	1937-11-06		W	W 3	3		Chicago	12	13	Michigan	0		3
Ind	1937-11-13	@	W	W 4	3		Pennsylvania	0	7	Michigan	0		4
Western	1937-11-20		L	L 1	4		(19) Ohio State	21	0	Michigan	0		4
Ind	1938-10-01		W	W 1	0		Michigan State	0	14	Michigan	0		1
Western	1938-10-08		W	W 2	0		Chicago	7	45	Michigan	0		2
Western	1938-10-15	@	L	L 1	1		Minnesota	7	6	Michigan	0		2
Ind	1938-10-22	@	W	W 1	1		Yale	13	15	(12) Michigan	0		3
Western	1938-10-29		W	W 2	1		Illinois	0	14	(13) Michigan	0		4
Ind	1938-11-05		W	W 3	1		Pennsylvania	13	19	(16) Michigan	0		5
Western	1938-11-12		T	T 1	1		(17) Northwestern	0	0	(18) Michigan	1		5
Western	1938-11-19	@	W	W 1	1		Ohio State	0	18	(17) Michigan	1		6
Ind	1939-10-07		W	W 1	0		Michigan State	13	26	Michigan	0		1
Western	1939-10-14		W	W 2	0		Iowa	7	27	Michigan	0		2
Western	1939-10-21	@	W	W 3	0		Chicago	0	85	(6) Michigan	0		3
Ind	1939-10-28		W	W 4	0		Yale	7	27	(3) Michigan	0		4
Western	1939-11-04	@	L	L 1	1		Illinois	16	7	(2) Michigan	0		4
Western	1939-11-11		L	L 2	2		Minnesota	20	7	(10) Michigan	0		4
Ind	1939-11-18	@	W	W 1	2		Pennsylvania	17	19	Michigan	0		5
Western	1939-11-25		W	W 2	2		(6) Ohio State	14	21	Michigan	0		6
PCC	1940-09-28	@	W	W 1	0		California	0	41	Michigan	0		1
Ind	1940-10-05		W	W 2	0		Michigan State	14	21	Michigan	0		2
Ind	1940-10-12	@	W	W 3	0		Harvard	0	26	Michigan	0		3
Western	1940-10-19		W	W 4	0		Illinois	0	28	(3) Michigan	0		4
Ind	1940-10-26		W	W 5	0		(8) Pennsylvania	0	14	(3) Michigan	0		5
Western	1940-11-09	@	L	L 1	1		(2) Minnesota	7	6	(3) Michigan	0		5
Western	1940-11-16		W	W 1	1		(10) Northwestern	13	20	(6) Michigan	0		6
Western	1940-11-23	@	W	W 2	1		Ohio State	0	40	(7) Michigan	0		7
Ind	1941-09-27		W	W 1	0		Michigan State	7	19	Michigan	0		1
Western	1941-10-04		W	W 2	0		Iowa	0	6	Michigan	0		2
Ind	1941-10-11		W	W 3	0		Pitt	0	40	Michigan	0		3
Western	1941-10-18	@	W	W 4	0		(5) Northwestern	7	14	(6) Michigan	0		4
Western	1941-10-25		L	L 1	1		(1) Minnesota	7	0	(3) Michigan	0		4
Western	1941-11-01	@	W	W 1	1		Illinois	0	20	(7) Michigan	0		5
Ind	1941-11-15	@	W	W 2	1		Columbia	0	28	(7) Michigan	0		6
Western	1941-11-22		T	T 1	1		(14) Ohio State	20	20	(5) Michigan	1		6
Ind	1942-09-26		W	W 1	0		Great Lakes Navy	0	9	Michigan	0		1
Ind	1942-10-03		W	W 2	0		Michigan State	0	20	Michigan	0		2
Ind	1942-10-10		L	L 1	1		Iowa Pre-Flight	26	14	Michigan	0		2
Western	1942-10-17		W	W 1	1		Northwestern	16	34	(3) Michigan	0		3
Western	1942-10-24	@	L	L 1	2		(13) Minnesota	16	14	(4) Michigan	0		3
Western	1942-10-31		W	W 1	2		(12) Illinois	14	28	(13) Michigan	0		4
Ind	1942-11-07		W	W 2	2		Harvard	7	35	(11) Michigan	0		5
Ind	1942-11-14	@	W	W 3	2		(4) Notre Dame	20	32	(6) Michigan	0		6
Western	1942-11-21	@	L	L 1	3		(5) Ohio State	21	7	(4) Michigan	0		6
Western	1942-11-28		W	W 1	3		Iowa	14	28	(9) Michigan	0		7
Ind	1943-09-18	@	W	W 1	0		Camp Grant	0	26	Michigan	0		1
Non-Major	1943-09-25		W	W 2	0		Western Michigan	6	57	Michigan	0		2
Western	1943-10-02	@	W	W 3	0		Northwestern	7	21	Michigan	0		3
Ind	1943-10-09		L	L 1	1		(1) Notre Dame	35	12	(2) Michigan	0		3
Western	1943-10-23		W	W 1	1		(11) Minnesota	6	49	(10) Michigan	0		4
Western	1943-10-30	@	W	W 2	1		Illinois	6	42	(7) Michigan	0		5
Western	1943-11-06		W	W 3	1		Indiana	6	23	(6) Michigan	0		6
Western	1943-11-13		W	W 4	1		Wisconsin	0	27	(4) Michigan	0		7
Western	1943-11-20		W	W 5	1		Ohio State	7	45	(4) Michigan	0		8
Ind	1944-09-16		W	W 1	0		Iowa Pre-Flight	7	12	Michigan	0		1
Ind	1944-09-23	@	W	W 2	0		Marquette	0	14	Michigan	0		2
Western	1944-09-30		L	L 1	1		Indiana	20	0	Michigan	0		2
Western	1944-10-07	@	W	W 1	1		Minnesota	13	28	Michigan	0		3
Western	1944-10-14		W	W 2	1		Northwestern	0	27	(12) Michigan	0		4
Western	1944-10-28		W	W 3	1		(10) Purdue	14	40	Michigan	0		5
Ind	1944-11-04	@	W	W 4	1		Pennsylvania	19	41	(10) Michigan	0		6
Western	1944-11-11		W	W 5	1		(10) Illinois	0	14	(8) Michigan	0		7
Western	1944-11-18		W	W 6	1		Wisconsin	0	14	(5) Michigan	0		8
Western	1944-11-25	@	L	L 1	2		(3) Ohio State	18	14	(6) Michigan	0		8
Ind	1945-09-15		W	W 1	0		Great Lakes Navy	2	27	Michigan	0		1
Western	1945-09-22		L	L 1	1		Indiana	13	7	Michigan	0		1
Ind	1945-09-29		W	W 1	1		Michigan State	0	40	Michigan	0		2
Western	1945-10-06	@	W	W 2	1		Northwestern	7	20	Michigan	0		3
Ind	1945-10-13	@	L	L 1	2	Bronx, NY	(1) Army	28	7	(9) Michigan	0		3
Western	1945-10-27	@	W	W 1	2		Illinois	0	19	(16) Michigan	0		4
Western	1945-11-03		W	W 2	2		(16) Minnesota	0	26	(10) Michigan	0		5
Ind	1945-11-10	@	L	L 1	3	Baltimore, MD	(4) Navy	33	7	(7) Michigan	0		5
Western	1945-11-17		W	W 1	3		(11) Purdue	13	27	(14) Michigan	0		6
Western	1945-11-24		W	W 2	3		(7) Ohio State	3	7	(8) Michigan	0		7
Western	1946-09-28		W	W 1	0		Indiana	0	21	Michigan	0		1
Western	1946-10-05		W	W 2	0		Iowa	7	14	Michigan	0		2
Ind	1946-10-12		L	L 1	1		(2) Army	20	13	(4) Michigan	0		2
Western	1946-10-19		T	T 1	1		(10) Northwestern	14	14	(5) Michigan	1		2
Western	1946-10-26		L	L 1	2		Illinois	13	9	(8) Michigan	1		2
Western	1946-11-02	@	W	W 1	2		Minnesota	0	21	(13) Michigan	1		3
Ind	1946-11-09		W	W 2	2		Michigan State	7	55	(11) Michigan	1		4
Western	1946-11-16		W	W 3	2		Wisconsin	6	28	(10) Michigan	1		5
Western	1946-11-23	@	W	W 4	2		Ohio State	6	58	(8) Michigan	1		6
Ind	1947-09-27		W	W 1	0		Michigan State	0	55	Michigan	0		1
PCC	1947-10-04		W	W 2	0		Stanford	13	49	Michigan	0		2
Ind	1947-10-11		W	W 3	0		Pitt	0	69	(2) Michigan	0		3
Western	1947-10-18	@	W	W 4	0		Northwestern	21	49	(1) Michigan	0		4
Western	1947-10-25		W	W 5	0		Minnesota	6	13	(1) Michigan	0		5
Western	1947-11-01	@	W	W 6	0		(11) Illinois	7	14	(2) Michigan	0		6
Western	1947-11-08		W	W 7	0		Indiana	0	35	(2) Michigan	0		7
Western	1947-11-15	@	W	W 8	0		(9) Wisconsin	6	40	(2) Michigan	0		8
Western	1947-11-22		W	W 9	0		Ohio State	0	21	(1) Michigan	0		9
PCC	1948-01-01	@	W	W 10	0	Rose Bowl (Rose Bowl (Pasadena, CA))	(8) USC	0	49	(2) Michigan	0		10
Ind	1948-09-25	@	W	W 1	0		Michigan State	7	13	Michigan	0		1
PCC	1948-10-02		W	W 2	0		Oregon	0	14	Michigan	0		2
Western	1948-10-09	@	W	W 3	0		(15) Purdue	0	40	(7) Michigan	0		3
Western	1948-10-16		W	W 4	0		(3) Northwestern	0	28	(4) Michigan	0		4
Western	1948-10-23	@	W	W 5	0		(13) Minnesota	14	27	(1) Michigan	0		5
Western	1948-10-30		W	W 6	0		Illinois	20	28	(1) Michigan	0		6
Ind	1948-11-06		W	W 7	0		Navy	0	35	(2) Michigan	0		7
Western	1948-11-13		W	W 8	0		Indiana	0	54	(1) Michigan	0		8
Western	1948-11-20	@	W	W 9	0		(18) Ohio State	3	13	(1) Michigan	0		9
Ind	1949-09-24		W	W 1	0		Michigan State	3	7	Michigan	0		1
PCC	1949-10-01	@	W	W 2	0		Stanford	7	27	Michigan	0		2
Ind	1949-10-08		L	L 1	1		(7) Army	21	7	(1) Michigan	0		2
Western	1949-10-15	@	L	L 2	2		Northwestern	21	20	(7) Michigan	0		2
Western	1949-10-22		W	W 1	2		(3) Minnesota	7	14	(12) Michigan	0		3
Western	1949-10-29	@	W	W 2	2		Illinois	0	13	(6) Michigan	0		4
Western	1949-11-05		W	W 3	2		Purdue	12	20	(5) Michigan	0		5
Western	1949-11-12		W	W 4	2		Indiana	7	20	(5) Michigan	0		6
Western	1949-11-19		T	T 1	2		(7) Ohio State	7	7	(5) Michigan	1		6
Ind	1950-09-30		L	L 1	1		(19) Michigan State	14	7	(3) Michigan	0		0
Ind	1950-10-07		W	W 1	1		Dartmouth	7	27	(19) Michigan	0		1
Ind	1950-10-14	@	L	L 1	2	Bronx, NY	(1) Army	27	6	(18) Michigan	0		1
Western	1950-10-21		W	W 1	2		(16) Wisconsin	13	26	Michigan	0		2
Western	1950-10-28	@	T	T 1	2		Minnesota	7	7	(14) Michigan	1		2
Western	1950-11-04		L	L 1	3		(10) Illinois	7	0	Michigan	1		2
Western	1950-11-11		W	W 1	3		Indiana	7	20	Michigan	1		3
Western	1950-11-18		W	W 2	3		Northwestern	23	34	Michigan	1		4
Western	1950-11-25	@	W	W 3	3		(8) Ohio State	3	9	Michigan	1		5
PCC	1951-01-01	N	W	W 4	3	Rose Bowl (Rose Bowl (Pasadena, CA))	(4) California	6	14	Michigan	1		6
Ind	1951-09-29		L	L 1	1		(2) Michigan State	25	0	(17) Michigan	0		0
PCC	1951-10-06		L	L 2	2		Stanford	23	13	Michigan	0		0
Western	1951-10-13		W	W 1	2		Indiana	14	33	Michigan	0		1
Western	1951-10-20	@	W	W 2	2		Iowa	0	21	Michigan	0		2
Western	1951-10-27		W	W 3	2		Minnesota	27	54	Michigan	0		3
Western	1951-11-03	@	L	L 1	3		(3) Illinois	7	0	(15) Michigan	0		3
Ind	1951-11-10	@	L	L 2	4		Cornell	20	7	Michigan	0		3
Western	1951-11-17		L	L 3	5		Northwestern	6	0	Michigan	0		3
Western	1951-11-24		W	W 1	5		Ohio State	0	7	Michigan	0		4
Ind	1952-09-27		L	L 1	1		(1) Michigan State	27	13	Michigan	0		0
PCC	1952-10-04	@	L	L 2	2		Stanford	14	7	Michigan	0		0
Western	1952-10-11		W	W 1	2		Indiana	13	28	Michigan	0		1
Western	1952-10-18	@	W	W 2	2		Northwestern	14	48	Michigan	0		2
Western	1952-10-25		W	W 3	2		Minnesota	0	21	(19) Michigan	0		3
Western	1952-11-01		L	L 1	3		Illinois	22	13	(15) Michigan	0		3
Ind	1952-11-08		W	W 1	3		Cornell	7	49	Michigan	0		4
Western	1952-11-15		W	W 2	3		(10) Purdue	10	21	(20) Michigan	0		5
Western	1952-11-22	@	L	L 1	4		Ohio State	27	7	(12) Michigan	0		5
PCC	1953-09-26		W	W 1	0		Washington	0	50	Michigan	0		1
SEC	1953-10-03		W	W 2	0		Tulane	7	26	(4) Michigan	0		2
Big Ten	1953-10-10		W	W 3	0		Iowa	13	14	(5) Michigan	0		3
Big Ten	1953-10-17		W	W 4	0		Northwestern	12	20	(5) Michigan	0		4
Big Ten	1953-10-24	@	L	L 1	1		Minnesota	22	0	(5) Michigan	0		4
Ind	1953-10-31		W	W 1	1		Pennsylvania	14	24	(16) Michigan	0		5
Big Ten	1953-11-07	@	L	L 1	2		(4) Illinois	19	3	(17) Michigan	0		5
Big Ten	1953-11-14	@	L	L 2	3		(4) Michigan State	14	6	Michigan	0		5
Big Ten	1953-11-21		W	W 1	3		Ohio State	0	20	Michigan	0		6
PCC	1954-09-25	@	W	W 1	0		Washington	0	14	Michigan	0		1
Ind	1954-10-02		L	L 1	1		Army	26	7	Michigan	0		1
Big Ten	1954-10-09		W	W 1	1		(4) Iowa	13	14	Michigan	0		2
Big Ten	1954-10-16	@	W	W 2	1		Northwestern	0	7	Michigan	0		3
Big Ten	1954-10-23		W	W 3	1		(8) Minnesota	0	34	Michigan	0		4
Big Ten	1954-10-30		L	L 1	2		Indiana	13	9	(11) Michigan	0		4
Big Ten	1954-11-06		W	W 1	2		Illinois	7	14	Michigan	0		5
Big Ten	1954-11-13		W	W 2	2		Michigan State	7	33	Michigan	0		6
Big Ten	1954-11-20	@	L	L 1	3		(1) Ohio State	21	7	(12) Michigan	0		6
Big 7	1955-09-24		W	W 1	0		Missouri	7	42	(4) Michigan	0		1
Big Ten	1955-10-01		W	W 2	0		Michigan State	7	14	(2) Michigan	0		2
Ind	1955-10-08		W	W 3	0		(6) Army	2	26	(2) Michigan	0		3
Big Ten	1955-10-15		W	W 4	0		Northwestern	2	14	(1) Michigan	0		4
Big Ten	1955-10-22	@	W	W 5	0		Minnesota	13	14	(1) Michigan	0		5
Big Ten	1955-10-29		W	W 6	0		Iowa	21	33	(3) Michigan	0		6
Big Ten	1955-11-05	@	L	L 1	1		Illinois	25	6	(3) Michigan	0		6
Big Ten	1955-11-12		W	W 1	1		Indiana	0	30	(7) Michigan	0		7
Big Ten	1955-11-19		L	L 1	2		(9) Ohio State	17	0	(6) Michigan	0		7
PCC	1956-09-29		W	W 1	0		UCLA	13	42	(13) Michigan	0		1
Big Ten	1956-10-06		L	L 1	1		(2) Michigan State	9	0	(5) Michigan	0		1
Ind	1956-10-13		W	W 1	1		(15) Army	14	48	(12) Michigan	0		2
Big Ten	1956-10-20		W	W 2	1		Northwestern	20	34	(8) Michigan	0		3
Big Ten	1956-10-27		L	L 1	2		Minnesota	20	7	(5) Michigan	0		3
Big Ten	1956-11-03	@	W	W 1	2		(7) Iowa	14	17	(17) Michigan	0		4
Big Ten	1956-11-10		W	W 2	2		Illinois	7	17	(10) Michigan	0		5
Big Ten	1956-11-17		W	W 3	2		Indiana	26	49	(10) Michigan	0		6
Big Ten	1956-11-24	@	W	W 4	2		(12) Ohio State	0	19	(9) Michigan	0		7
PCC	1957-09-28	@	W	W 1	0		USC	6	16	(10) Michigan	0		1
SEC	1957-10-05		W	W 2	0		Georgia	0	26	(10) Michigan	0		2
Big Ten	1957-10-12		L	L 1	1		(2) Michigan State	35	6	(6) Michigan	0		2
Big Ten	1957-10-19		W	W 1	1		Northwestern	14	34	(18) Michigan	0		3
Big Ten	1957-10-26	@	W	W 2	1		(14) Minnesota	7	24	(20) Michigan	0		4
Big Ten	1957-11-02		T	T 1	1		(3) Iowa	21	21	(12) Michigan	1		4
Big Ten	1957-11-09	@	L	L 1	2		Illinois	20	19	(11) Michigan	1		4
Big Ten	1957-11-16		W	W 1	2		Indiana	13	27	(18) Michigan	1		5
Big Ten	1957-11-23		L	L 1	3		(3) Ohio State	31	14	(19) Michigan	1		5
PCC	1958-09-27		W	W 1	0		USC	19	20	Michigan	0		1
Big Ten	1958-10-04	@	T	T 1	0		(4) Michigan State	12	12	(16) Michigan	1		1
Ind	1958-10-11		L	L 1	1		(12) Navy	20	14	(14) Michigan	1		1
Big Ten	1958-10-18	@	L	L 2	2		(17) Northwestern	55	24	(19) Michigan	1		1
Big Ten	1958-10-25		W	W 1	2		Minnesota	19	20	Michigan	1		2
Big Ten	1958-11-01		L	L 1	3		(2) Iowa	37	14	Michigan	1		2
Big Ten	1958-11-08		L	L 2	4		Illinois	21	8	Michigan	1		2
Big Ten	1958-11-15		L	L 3	5		Indiana	8	6	Michigan	1		2
Big Ten	1958-11-22	@	L	L 4	6		(11) Ohio State	20	14	Michigan	1		2
Big 7	1959-09-26		L	L 1	1		Missouri	20	15	Michigan	0		0
Big Ten	1959-10-03		L	L 2	2		Michigan State	34	8	Michigan	0		0
Ind	1959-10-10		W	W 1	2		Oregon State	7	18	Michigan	0		1
Big Ten	1959-10-17		L	L 1	3		(2) Northwestern	20	7	Michigan	0		1
Big Ten	1959-10-24	@	W	W 1	3		Minnesota	6	14	Michigan	0		2
Big Ten	1959-10-31		L	L 1	4		(10) Wisconsin	19	10	Michigan	0		2
Big Ten	1959-11-07	@	W	W 1	4		Illinois	15	20	Michigan	0		3
Big Ten	1959-11-14	@	L	L 1	5		Indiana	26	7	Michigan	0		3
Big Ten	1959-11-21		W	W 1	5		Ohio State	14	23	Michigan	0		4
Ind	1960-09-24		W	W 1	0		Oregon	0	21	Michigan	0		1
Big Ten	1960-10-01	@	L	L 1	1		Michigan State	24	17	Michigan	0		1
ACC	1960-10-08		W	W 1	1		Duke	6	31	Michigan	0		2
Big Ten	1960-10-15		W	W 2	1		Northwestern	7	14	Michigan	0		3
Big Ten	1960-10-22		L	L 1	2		(6) Minnesota	10	0	Michigan	0		3
Big Ten	1960-10-29	@	L	L 2	3		Wisconsin	16	13	Michigan	0		3
Big Ten	1960-11-05		W	W 1	3		Illinois	7	8	Michigan	0		4
Big Ten	1960-11-12		W	W 2	3		Indiana	7	29	Michigan	0		5
Big Ten	1960-11-19	@	L	L 1	4		(10) Ohio State	7	0	Michigan	0		5
AAWU	1961-09-30		W	W 1	0		(9) UCLA	6	29	Michigan	0		1
Ind	1961-10-07		W	W 2	0		Army	8	38	(9) Michigan	0		2
Big Ten	1961-10-14		L	L 1	1		(5) Michigan State	28	0	(6) Michigan	0		2
Big Ten	1961-10-21		W	W 1	1		Purdue	14	16	Michigan	0		3
Big Ten	1961-10-28	@	L	L 1	2		Minnesota	23	20	Michigan	0		3
ACC	1961-11-04		W	W 1	2		Duke	14	28	Michigan	0		4
Big Ten	1961-11-11	@	W	W 2	2		Illinois	6	38	Michigan	0		5
Big Ten	1961-11-18		W	W 3	2		Iowa	14	23	Michigan	0		6
Big Ten	1961-11-25		L	L 1	3		(2) Ohio State	50	20	Michigan	0		6
Big 8	1962-09-29		L	L 1	1		Nebraska	25	13	Michigan	0		0
Ind	1962-10-06		W	W 1	1		(10) Army	7	17	Michigan	0		1
Big Ten	1962-10-13	@	L	L 1	2		Michigan State	28	0	Michigan	0		1
Big Ten	1962-10-20	@	L	L 2	3		Purdue	37	0	Michigan	0		1
Big Ten	1962-10-27		L	L 3	4		Minnesota	17	0	Michigan	0		1
Big Ten	1962-11-03		L	L 4	5		Wisconsin	34	12	Michigan	0		1
Big Ten	1962-11-10		W	W 1	5		Illinois	10	14	Michigan	0		2
Big Ten	1962-11-17	@	L	L 1	6		Iowa	28	14	Michigan	0		2
Big Ten	1962-11-24	@	L	L 2	7		Ohio State	28	0	Michigan	0		2
SWC	1963-09-28		W	W 1	0		SMU	16	27	Michigan	0		1
Ind	1963-10-05		L	L 1	1		(6) Navy	26	13	Michigan	0		1
Big Ten	1963-10-12		T	T 1	1		Michigan State	7	7	Michigan	1		1
Big Ten	1963-10-19		L	L 1	2		Purdue	23	12	Michigan	1		1
Big Ten	1963-10-26	@	L	L 2	3		Minnesota	6	0	Michigan	1		1
Big Ten	1963-11-02		W	W 1	3		Northwestern	6	27	Michigan	1		2
Big Ten	1963-11-09	@	W	W 2	3		(2) Illinois	8	14	Michigan	1		3
Big Ten	1963-11-16		T	T 1	3		Iowa	21	21	Michigan	2		3
Big Ten	1963-11-30		L	L 1	4		Ohio State	14	10	Michigan	2		3
Ind	1964-09-26		W	W 1	0		Air Force	7	24	Michigan	0		1
Ind	1964-10-03		W	W 2	0		(6) Navy	0	21	(8) Michigan	0		2
Big Ten	1964-10-10	@	W	W 3	0		(9) Michigan State	10	17	(7) Michigan	0		3
Big Ten	1964-10-17		L	L 1	1		Purdue	21	20	(5) Michigan	0		3
Big Ten	1964-10-24		W	W 1	1		Minnesota	12	19	Michigan	0		4
Big Ten	1964-10-31		W	W 2	1		Northwestern	0	35	Michigan	0		5
Big Ten	1964-11-07		W	W 3	1		Illinois	6	21	Michigan	0		6
Big Ten	1964-11-14	@	W	W 4	1		Iowa	20	34	(6) Michigan	0		7
Big Ten	1964-11-21	@	W	W 5	1		(7) Ohio State	0	10	(6) Michigan	0		8
AAWU	1965-01-01	N	W	W 6	1	Rose Bowl (Rose Bowl (Pasadena, CA))	(8) Oregon State	7	34	(4) Michigan	0		9
ACC	1965-09-18	@	W	W 1	0		North Carolina	24	31	(4) Michigan	0		1
AAWU	1965-09-25		W	W 2	0		California	7	10	(4) Michigan	0		2
SEC	1965-10-02		L	L 1	1		(10) Georgia	15	7	(7) Michigan	0		2
Big Ten	1965-10-09		L	L 2	2		(5) Michigan State	24	7	Michigan	0		2
Big Ten	1965-10-16		L	L 3	3		(7) Purdue	17	15	Michigan	0		2
Big Ten	1965-10-23	@	L	L 4	4		Minnesota	14	13	Michigan	0		2
Big Ten	1965-10-30		W	W 1	4		Wisconsin	14	50	Michigan	0		3
Big Ten	1965-11-06	@	W	W 2	4		Illinois	3	23	Michigan	0		4
Big Ten	1965-11-13	@	L	L 1	5		Northwestern	34	22	Michigan	0		4
Big Ten	1965-11-20		L	L 2	6		Ohio State	9	7	Michigan	0		4
AAWU	1966-09-17		W	W 1	0		Oregon State	0	41	Michigan	0		1
AAWU	1966-09-24	@	W	W 2	0		California	7	17	(9) Michigan	0		2
ACC	1966-10-01		L	L 1	1		North Carolina	21	7	(8) Michigan	0		2
Big Ten	1966-10-08	@	L	L 2	2		(1) Michigan State	20	7	Michigan	0		2
Big Ten	1966-10-15		L	L 3	3		(9) Purdue	22	21	Michigan	0		2
Big Ten	1966-10-22		W	W 1	3		Minnesota	0	49	Michigan	0		3
Big Ten	1966-10-29	@	W	W 2	3		Wisconsin	17	28	Michigan	0		4
Big Ten	1966-11-05		L	L 1	4		Illinois	28	21	Michigan	0		4
Big Ten	1966-11-12		W	W 1	4		Northwestern	20	28	Michigan	0		5
Big Ten	1966-11-19	@	W	W 2	4		Ohio State	3	17	Michigan	0		6
ACC	1967-09-23		W	W 1	0		Duke	7	10	Michigan	0		1
AAWU	1967-09-30	@	L	L 1	1		California	10	9	Michigan	0		1
Ind	1967-10-07		L	L 2	2		Navy	26	21	Michigan	0		1
Big Ten	1967-10-14		L	L 3	3		Michigan State	34	0	Michigan	0		1
Big Ten	1967-10-21		L	L 4	4		Indiana	27	20	Michigan	0		1
Big Ten	1967-10-28	@	L	L 5	5		Minnesota	20	15	Michigan	0		1
Big Ten	1967-11-04		W	W 1	5		Northwestern	3	7	Michigan	0		2
Big Ten	1967-11-11	@	W	W 2	5		Illinois	14	21	Michigan	0		3
Big Ten	1967-11-18	@	W	W 3	5		Wisconsin	14	27	Michigan	0		4
Big Ten	1967-11-25		L	L 1	6		Ohio State	24	14	Michigan	0		4
Pac-8	1968-09-21		L	L 1	1		California	21	7	Michigan	0		0
ACC	1968-09-28	@	W	W 1	1		Duke	10	31	Michigan	0		1
Ind	1968-10-05		W	W 2	1		Navy	9	32	Michigan	0		2
Big Ten	1968-10-12		W	W 3	1		(12) Michigan State	14	28	Michigan	0		3
Big Ten	1968-10-19	@	W	W 4	1		(19) Indiana	22	27	(18) Michigan	0		4
Big Ten	1968-10-26		W	W 5	1		Minnesota	20	33	(12) Michigan	0		5
Big Ten	1968-11-02	@	W	W 6	1		Northwestern	0	35	(9) Michigan	0		6
Big Ten	1968-11-09		W	W 7	1		Illinois	0	36	(7) Michigan	0		7
Big Ten	1968-11-16		W	W 8	1		Wisconsin	9	34	(4) Michigan	0		8
Big Ten	1968-11-23	@	L	L 1	2		(2) Ohio State	50	14	(4) Michigan	0		8
SEC	1969-09-20		W	W 1	0		Vanderbilt	14	42	Michigan	0		1
Pac-8	1969-09-27		W	W 2	0		Washington	7	45	(20) Michigan	0		2
Big 8	1969-10-04		L	L 1	1		(9) Missouri	40	17	(13) Michigan	0		2
Big Ten	1969-10-11		W	W 1	1		(9) Purdue	20	31	Michigan	0		3
Big Ten	1969-10-18	@	L	L 1	2		Michigan State	23	12	(13) Michigan	0		3
Big Ten	1969-10-25	@	W	W 1	2		Minnesota	9	35	Michigan	0		4
Big Ten	1969-11-01		W	W 2	2		Wisconsin	7	35	(20) Michigan	0		5
Big Ten	1969-11-08	@	W	W 3	2		Illinois	0	57	(18) Michigan	0		6
Big Ten	1969-11-15	@	W	W 4	2		Iowa	6	51	(14) Michigan	0		7
Big Ten	1969-11-22		W	W 5	2		(1) Ohio State	12	24	(12) Michigan	0		8
Pac-8	1970-01-01	@	L	L 1	3	Rose Bowl (Rose Bowl (Pasadena, CA))	(5) USC	10	3	(7) Michigan	0		8
WAC	1970-09-19		W	W 1	0		Arizona	9	20	(8) Michigan	0		1
Pac-8	1970-09-26	@	W	W 2	0		Washington	3	17	(10) Michigan	0		2
SWC	1970-10-03		W	W 3	0		Texas A&M	10	14	(9) Michigan	0		3
Big Ten	1970-10-10	@	W	W 4	0		Purdue	0	29	(7) Michigan	0		4
Big Ten	1970-10-17		W	W 5	0		Michigan State	20	34	(6) Michigan	0		5
Big Ten	1970-10-24		W	W 6	0		Minnesota	13	39	(5) Michigan	0		6
Big Ten	1970-10-31	@	W	W 7	0		Wisconsin	15	29	(5) Michigan	0		7
Big Ten	1970-11-07		W	W 8	0		Illinois	0	42	(5) Michigan	0		8
Big Ten	1970-11-14		W	W 9	0		Iowa	0	55	(5) Michigan	0		9
Big Ten	1970-11-21	@	L	L 1	1		(5) Ohio State	20	9	(4) Michigan	0		9
Big Ten	1971-09-11	@	W	W 1	0		(20) Northwestern	6	21	(4) Michigan	0		1
ACC	1971-09-18		W	W 2	0		Virginia	0	56	(4) Michigan	0		2
Pac-8	1971-09-25		W	W 3	0		UCLA	0	38	(4) Michigan	0		3
Ind	1971-10-02		W	W 4	0		Navy	0	46	(2) Michigan	0		4
Big Ten	1971-10-09	@	W	W 5	0		Michigan State	13	24	(2) Michigan	0		5
Big Ten	1971-10-16		W	W 6	0		Illinois	6	35	(3) Michigan	0		6
Big Ten	1971-10-23	@	W	W 7	0		Minnesota	7	35	(3) Michigan	0		7
Big Ten	1971-10-30		W	W 8	0		Indiana	7	61	(3) Michigan	0		8
Big Ten	1971-11-06		W	W 9	0		Iowa	7	63	(3) Michigan	0		9
Big Ten	1971-11-13	@	W	W 10	0		Purdue	17	20	(3) Michigan	0		10
Big Ten	1971-11-20		W	W 11	0		Ohio State	7	10	(3) Michigan	0		11
Pac-8	1972-01-01	N	L	L 1	1	Rose Bowl (Rose Bowl (Pasadena, CA))	(16) Stanford	13	12	(4) Michigan	0		11
Big Ten	1972-09-16		W	W 1	0		Northwestern	0	7	(11) Michigan	0		1
Pac-8	1972-09-23	@	W	W 2	0		(6) UCLA	9	26	(12) Michigan	0		2
Ind	1972-09-30		W	W 3	0		(18) Tulane	7	41	(8) Michigan	0		3
Ind	1972-10-07		W	W 4	0		Navy	7	35	(5) Michigan	0		4
Big Ten	1972-10-14		W	W 5	0		Michigan State	0	10	(5) Michigan	0		5
Big Ten	1972-10-21	@	W	W 6	0		Illinois	7	31	(6) Michigan	0		6
Big Ten	1972-10-28		W	W 7	0		Minnesota	0	42	(5) Michigan	0		7
Big Ten	1972-11-04	@	W	W 8	0		Indiana	7	21	(4) Michigan	0		8
Big Ten	1972-11-11	@	W	W 9	0		Iowa	0	31	(4) Michigan	0		9
Big Ten	1972-11-18		W	W 10	0		Purdue	6	9	(3) Michigan	0		10
Big Ten	1972-11-25	@	L	L 1	1		(9) Ohio State	14	11	(3) Michigan	0		10
Big Ten	1973-09-15	@	W	W 1	0		Iowa	7	31	(5) Michigan	0		1
Pac-8	1973-09-22		W	W 2	0		Stanford	10	47	(5) Michigan	0		2
Ind	1973-09-29		W	W 3	0		Navy	0	14	(4) Michigan	0		3
Pac-8	1973-10-06		W	W 4	0		Oregon	0	24	(5) Michigan	0		4
Big Ten	1973-10-13	@	W	W 5	0		Michigan State	0	31	(5) Michigan	0		5
Big Ten	1973-10-20		W	W 6	0		Wisconsin	6	35	(4) Michigan	0		6
Big Ten	1973-10-27	@	W	W 7	0		Minnesota	7	34	(4) Michigan	0		7
Big Ten	1973-11-03		W	W 8	0		Indiana	13	49	(4) Michigan	0		8
Big Ten	1973-11-10		W	W 9	0		Illinois	6	21	(4) Michigan	0		9
Big Ten	1973-11-17	@	W	W 10	0		Purdue	9	34	(4) Michigan	0		10
Big Ten	1973-11-24		T	T 1	0		(1) Ohio State	10	10	(4) Michigan	1		10
Big Ten	1974-09-14		W	W 1	0		Iowa	7	24	(6) Michigan	0		1
Big 8	1974-09-21		W	W 2	0		Colorado	0	31	(6) Michigan	0		2
Ind	1974-09-28		W	W 3	0		Navy	0	52	(5) Michigan	0		3
Pac-8	1974-10-05	@	W	W 4	0		Stanford	16	27	(4) Michigan	0		4
Big Ten	1974-10-12		W	W 5	0		Michigan State	7	21	(4) Michigan	0		5
Big Ten	1974-10-19	@	W	W 6	0		Wisconsin	20	24	(3) Michigan	0		6
Big Ten	1974-10-26		W	W 7	0		Minnesota	0	49	(3) Michigan	0		7
Big Ten	1974-11-02	@	W	W 8	0		Indiana	7	21	(3) Michigan	0		8
Big Ten	1974-11-09	@	W	W 9	0		Illinois	6	14	(4) Michigan	0		9
Big Ten	1974-11-16		W	W 10	0		Purdue	0	51	(3) Michigan	0		10
Big Ten	1974-11-23	@	L	L 1	1		(4) Ohio State	12	10	(3) Michigan	0		10
Big Ten	1975-09-13	@	W	W 1	0		Wisconsin	6	23	(2) Michigan	0		1
Pac-8	1975-09-20		T	T 1	0		Stanford	19	19	(2) Michigan	1		1
SWC	1975-09-27		T	T 2	0		Baylor	14	14	(9) Michigan	2		1
Big 8	1975-10-04		W	W 1	0		(5) Missouri	7	31	(12) Michigan	2		2
Big Ten	1975-10-11	@	W	W 2	0		(15) Michigan State	6	16	(8) Michigan	2		3
Big Ten	1975-10-18		W	W 3	0		Northwestern	0	69	(7) Michigan	2		4
Big Ten	1975-10-25		W	W 4	0		Indiana	7	55	(7) Michigan	2		5
Big Ten	1975-11-01	@	W	W 5	0		Minnesota	21	28	(7) Michigan	2		6
Big Ten	1975-11-08		W	W 6	0		Purdue	0	28	(6) Michigan	2		7
Big Ten	1975-11-15	@	W	W 7	0		Illinois	15	21	(4) Michigan	2		8
Big Ten	1975-11-22		L	L 1	1		(1) Ohio State	21	14	(4) Michigan	2		8
Big 8	1976-01-01	N	L	L 2	2	Orange Bowl (Orange Bowl (Miami, FL))	(3) Oklahoma	14	6	(5) Michigan	2		8
Big Ten	1976-09-11		W	W 1	0		Wisconsin	27	40	(2) Michigan	0		1
Pac-8	1976-09-18		W	W 2	0		Stanford	0	51	(1) Michigan	0		2
Ind	1976-09-25		W	W 3	0		Navy	14	70	(1) Michigan	0		3
ACC	1976-10-02		W	W 4	0		Wake Forest	0	31	(1) Michigan	0		4
Big Ten	1976-10-09		W	W 5	0		Michigan State	10	42	(1) Michigan	0		5
Big Ten	1976-10-16	@	W	W 6	0		Northwestern	7	38	(1) Michigan	0		6
Big Ten	1976-10-23	@	W	W 7	0		Indiana	0	35	(1) Michigan	0		7
Big Ten	1976-10-30		W	W 8	0		Minnesota	0	45	(1) Michigan	0		8
Big Ten	1976-11-06	@	L	L 1	1		Purdue	16	14	(1) Michigan	0		8
Big Ten	1976-11-13		W	W 1	1		Illinois	7	38	(4) Michigan	0		9
Big Ten	1976-11-20	@	W	W 2	1		(8) Ohio State	0	22	(4) Michigan	0		10
Pac-8	1977-01-01	@	L	L 1	2	Rose Bowl (Rose Bowl (Pasadena, CA))	(3) USC	14	6	(2) Michigan	0		10
Big Ten	1977-09-10	@	W	W 1	0		Illinois	9	37	(2) Michigan	0		1
ACC	1977-09-17		W	W 2	0		Duke	9	21	(1) Michigan	0		2
Ind	1977-09-24		W	W 3	0		Navy	7	14	(1) Michigan	0		3
SWC	1977-10-01		W	W 4	0		(5) Texas A&M	3	41	(3) Michigan	0		4
Big Ten	1977-10-08	@	W	W 5	0		Michigan State	14	24	(3) Michigan	0		5
Big Ten	1977-10-15		W	W 6	0		(14) Wisconsin	0	56	(1) Michigan	0		6
Big Ten	1977-10-22	@	L	L 1	1		Minnesota	16	0	(1) Michigan	0		6
Big Ten	1977-10-29		W	W 1	1		Iowa	6	23	(6) Michigan	0		7
Big Ten	1977-11-05		W	W 2	1		Northwestern	20	63	(6) Michigan	0		8
Big Ten	1977-11-12	@	W	W 3	1		Purdue	7	40	(6) Michigan	0		9
Big Ten	1977-11-19		W	W 4	1		(4) Ohio State	6	14	(5) Michigan	0		10
Pac-8	1978-01-02	N	L	L 1	2	Rose Bowl (Rose Bowl (Pasadena, CA))	(13) Washington	27	20	(4) Michigan	0		10
Big Ten	1978-09-16		W	W 1	0		Illinois	0	31	(4) Michigan	0		1
Ind	1978-09-23	@	W	W 2	0		(14) Notre Dame	14	28	(5) Michigan	0		2
ACC	1978-09-30		W	W 3	0		Duke	0	52	(4) Michigan	0		3
Pac-10	1978-10-07		W	W 4	0		Arizona	17	21	(3) Michigan	0		4
Big Ten	1978-10-14		L	L 1	1		Michigan State	24	15	(5) Michigan	0		4
Big Ten	1978-10-21	@	W	W 1	1		Wisconsin	0	42	(9) Michigan	0		5
Big Ten	1978-10-28		W	W 2	1		Minnesota	10	42	(8) Michigan	0		6
Big Ten	1978-11-04	@	W	W 3	1		Iowa	0	34	(8) Michigan	0		7
Big Ten	1978-11-11	@	W	W 4	1		Northwestern	14	59	(7) Michigan	0		8
Big Ten	1978-11-18		W	W 5	1		(15) Purdue	6	24	(7) Michigan	0		9
Big Ten	1978-11-25	@	W	W 6	1		(16) Ohio State	3	14	(6) Michigan	0		10
Pac-10	1979-01-01	@	L	L 1	2	Rose Bowl (Rose Bowl (Pasadena, CA))	(3) USC	17	10	(5) Michigan	0		10
Big Ten	1979-09-08		W	W 1	0		Northwestern	7	49	(7) Michigan	0		1
Ind	1979-09-15		L	L 1	1		(9) Notre Dame	12	10	(6) Michigan	0		1
Big 8	1979-09-22		W	W 1	1		Kansas	7	28	(11) Michigan	0		2
Pac-10	1979-09-29	@	W	W 2	1		California	10	14	(11) Michigan	0		3
Big Ten	1979-10-06	@	W	W 3	1		(16) Michigan State	7	21	(11) Michigan	0		4
Big Ten	1979-10-13		W	W 4	1		Minnesota	21	31	(11) Michigan	0		5
Big Ten	1979-10-20	@	W	W 5	1		Illinois	7	27	(11) Michigan	0		6
Big Ten	1979-10-27		W	W 6	1		Indiana	21	27	(10) Michigan	0		7
Big Ten	1979-11-03		W	W 7	1		Wisconsin	0	54	(10) Michigan	0		8
Big Ten	1979-11-10	@	L	L 1	2		(14) Purdue	24	21	(10) Michigan	0		8
Big Ten	1979-11-17		L	L 2	3		(2) Ohio State	18	15	(13) Michigan	0		8
ACC	1979-12-28	N	L	L 3	4	Gator Bowl (Gator Bowl (Jacksonville, FL))	North Carolina	17	15	(14) Michigan	0		8
Big Ten	1980-09-13		W	W 1	0		Northwestern	10	17	(11) Michigan	0		1
Ind	1980-09-20	@	L	L 1	1		(8) Notre Dame	29	27	(14) Michigan	0		1
Ind	1980-09-27		L	L 2	2		South Carolina	17	14	(17) Michigan	0		1
Pac-10	1980-10-04		W	W 1	2		California	13	38	Michigan	0		2
Big Ten	1980-10-11		W	W 2	2		Michigan State	23	27	Michigan	0		3
Big Ten	1980-10-18	@	W	W 3	2		Minnesota	14	37	Michigan	0		4
Big Ten	1980-10-25		W	W 4	2		Illinois	14	45	Michigan	0		5
Big Ten	1980-11-01	@	W	W 5	2		Indiana	0	35	(18) Michigan	0		6
Big Ten	1980-11-08	@	W	W 6	2		Wisconsin	0	24	(12) Michigan	0		7
Big Ten	1980-11-15		W	W 7	2		(16) Purdue	0	26	(11) Michigan	0		8
Big Ten	1980-11-22	@	W	W 8	2		(5) Ohio State	3	9	(10) Michigan	0		9
Pac-10	1981-01-01	N	W	W 9	2	Rose Bowl (Rose Bowl (Pasadena, CA))	(16) Washington	6	23	(5) Michigan	0		10
Big Ten	1981-09-12	@	L	L 1	1		Wisconsin	21	14	(1) Michigan	0		0
Ind	1981-09-19		W	W 1	1		(1) Notre Dame	7	25	(11) Michigan	0		1
Ind	1981-09-26		W	W 2	1		Navy	16	21	(7) Michigan	0		2
Big Ten	1981-10-03	@	W	W 3	1		Indiana	17	38	(8) Michigan	0		3
Big Ten	1981-10-10	@	W	W 4	1		Michigan State	20	38	(6) Michigan	0		4
Big Ten	1981-10-17		L	L 1	2		(12) Iowa	9	7	(5) Michigan	0		4
Big Ten	1981-10-24		W	W 1	2		Northwestern	0	38	(18) Michigan	0		5
Big Ten	1981-10-31	@	W	W 2	2		Minnesota	13	34	(15) Michigan	0		6
Big Ten	1981-11-07		W	W 3	2		Illinois	21	70	(12) Michigan	0		7
Big Ten	1981-11-14	@	W	W 4	2		Purdue	10	28	(11) Michigan	0		8
Big Ten	1981-11-21		L	L 1	3		Ohio State	14	9	(7) Michigan	0		8
Pac-10	1981-12-31	N	W	W 1	3	Bluebonnet Bowl (Bluebonnet Bowl (Houston, TX))	(19) UCLA	14	33	(16) Michigan	0		9
Big Ten	1982-09-11		W	W 1	0		Wisconsin	9	20	(12) Michigan	0		1
Ind	1982-09-18	@	L	L 1	1		(20) Notre Dame	23	17	(10) Michigan	0		1
Pac-10	1982-09-25		L	L 2	2		(12) UCLA	31	27	(20) Michigan	0		1
Big Ten	1982-10-02		W	W 1	2		Indiana	10	24	Michigan	0		2
Big Ten	1982-10-09		W	W 2	2		Michigan State	17	31	Michigan	0		3
Big Ten	1982-10-16	@	W	W 3	2		Iowa	7	29	Michigan	0		4
Big Ten	1982-10-23	@	W	W 4	2		Northwestern	14	49	Michigan	0		5
Big Ten	1982-10-30		W	W 5	2		Minnesota	14	52	(20) Michigan	0		6
Big Ten	1982-11-06	@	W	W 6	2		Illinois	10	16	(15) Michigan	0		7
Big Ten	1982-11-13		W	W 7	2		Purdue	21	52	(14) Michigan	0		8
Big Ten	1982-11-20	@	L	L 1	3		Ohio State	24	14	(13) Michigan	0		8
Pac-10	1983-01-01	@	L	L 2	4	Rose Bowl (Rose Bowl (Pasadena, CA))	(5) UCLA	24	14	(19) Michigan	0		8
Pac-10	1983-09-10		W	W 1	0		Washington State	17	20	(6) Michigan	0		1
Pac-10	1983-09-17	@	L	L 1	1		(16) Washington	25	24	(8) Michigan	0		1
Big Ten	1983-09-24	@	W	W 1	1		Wisconsin	21	38	(17) Michigan	0		2
Big Ten	1983-10-01		W	W 2	1		Indiana	18	43	(14) Michigan	0		3
Big Ten	1983-10-08	@	W	W 3	1		Michigan State	0	42	(14) Michigan	0		4
Big Ten	1983-10-15		W	W 4	1		Northwestern	0	35	(13) Michigan	0		5
Big Ten	1983-10-22		W	W 5	1		(12) Iowa	13	16	(10) Michigan	0		6
Big Ten	1983-10-29	@	L	L 1	2		(9) Illinois	16	6	(8) Michigan	0		6
Big Ten	1983-11-05		W	W 1	2		Purdue	10	42	(13) Michigan	0		7
Big Ten	1983-11-12	@	W	W 2	2		Minnesota	10	58	(9) Michigan	0		8
Big Ten	1983-11-19		W	W 3	2		(10) Ohio State	21	24	(8) Michigan	0		9
SEC	1984-01-02	N	L	L 1	3	Sugar Bowl (Sugar Bowl (New Orleans, LA))	(3) Auburn	9	7	(8) Michigan	0		9
Ind	1984-09-08		W	W 1	0		(1) Miami (FL)	14	22	(14) Michigan	0		1
Pac-10	1984-09-15		L	L 1	1		(16) Washington	20	11	(3) Michigan	0		1
Big Ten	1984-09-22		W	W 1	1		Wisconsin	14	20	(16) Michigan	0		2
Big Ten	1984-09-29	@	W	W 2	1		Indiana	6	14	(14) Michigan	0		3
Big Ten	1984-10-06		L	L 1	2		Michigan State	19	7	(13) Michigan	0		3
Big Ten	1984-10-13		W	W 1	2		Northwestern	0	31	Michigan	0		4
Big Ten	1984-10-20	@	L	L 1	3		(18) Iowa	26	0	Michigan	0		4
Big Ten	1984-10-27		W	W 1	3		Illinois	18	26	Michigan	0		5
Big Ten	1984-11-03	@	L	L 1	4		Purdue	31	29	Michigan	0		5
Big Ten	1984-11-10		W	W 1	4		Minnesota	7	31	Michigan	0		6
Big Ten	1984-11-17	@	L	L 1	5		(11) Ohio State	21	6	Michigan	0		6
WAC	1984-12-21	N	L	L 2	6	Holiday Bowl (Holiday Bowl (San Diego, CA))	(1) Brigham Young	24	17	Michigan	0		6
Ind	1985-09-14		W	W 1	0		(13) Notre Dame	12	20	Michigan	0		1
Ind	1985-09-21	@	W	W 2	0		(15) South Carolina	3	34	(19) Michigan	0		2
ACC	1985-09-28		W	W 3	0		(17) Maryland	0	20	(12) Michigan	0		3
Big Ten	1985-10-05		W	W 4	0		Wisconsin	6	33	(7) Michigan	0		4
Big Ten	1985-10-12	@	W	W 5	0		Michigan State	0	31	(3) Michigan	0		5
Big Ten	1985-10-19	@	L	L 1	1		(1) Iowa	12	10	(2) Michigan	0		5
Big Ten	1985-10-26		W	W 1	1		Indiana	15	42	(4) Michigan	0		6
Big Ten	1985-11-02	@	T	T 1	1		Illinois	3	3	(4) Michigan	1		6
Big Ten	1985-11-09		W	W 1	1		Purdue	0	47	(9) Michigan	1		7
Big Ten	1985-11-16	@	W	W 2	1		Minnesota	7	48	(8) Michigan	1		8
Big Ten	1985-11-23		W	W 3	1		(12) Ohio State	17	27	(6) Michigan	1		9
Big 8	1986-01-01	N	W	W 4	1	Fiesta Bowl (Fiesta Bowl (Tempe, AZ))	(7) Nebraska	23	27	(5) Michigan	1		10
Ind	1986-09-13	@	W	W 1	0		Notre Dame	23	24	(3) Michigan	0		1
Pac-10	1986-09-20		W	W 2	0		Oregon State	12	31	(3) Michigan	0		2
Ind	1986-09-27		W	W 3	0		(20) Florida State	18	20	(5) Michigan	0		3
Big Ten	1986-10-04	@	W	W 4	0		Wisconsin	17	34	(4) Michigan	0		4
Big Ten	1986-10-11		W	W 5	0		Michigan State	6	27	(4) Michigan	0		5
Big Ten	1986-10-18		W	W 6	0		(8) Iowa	17	20	(4) Michigan	0		6
Big Ten	1986-10-25	@	W	W 7	0		Indiana	14	38	(4) Michigan	0		7
Big Ten	1986-11-01		W	W 8	0		Illinois	13	69	(3) Michigan	0		8
Big Ten	1986-11-08	@	W	W 9	0		Purdue	7	31	(3) Michigan	0		9
Big Ten	1986-11-15		L	L 1	1		Minnesota	20	17	(2) Michigan	0		9
Big Ten	1986-11-22	@	W	W 1	1		(7) Ohio State	24	26	(6) Michigan	0		10
WAC	1986-12-06	@	W	W 2	1		Hawaii	10	27	(4) Michigan	0		11
Pac-10	1987-01-01	N	L	L 1	2	Rose Bowl (Rose Bowl (Pasadena, CA))	(7) Arizona State	22	15	(4) Michigan	0		11
Ind	1987-09-12		L	L 1	1		(16) Notre Dame	26	7	(9) Michigan	0		0
Pac-10	1987-09-19		W	W 1	1		Washington State	18	44	(19) Michigan	0		1
PCAA	1987-09-26		W	W 2	1		Long Beach State	0	49	(14) Michigan	0		2
Big Ten	1987-10-03		W	W 3	1		Wisconsin	0	49	(12) Michigan	0		3
Big Ten	1987-10-10	@	L	L 1	2		Michigan State	17	11	(12) Michigan	0		3
Big Ten	1987-10-17		W	W 1	2		Iowa	10	37	Michigan	0		4
Big Ten	1987-10-24	@	L	L 1	3		(15) Indiana	14	10	(20) Michigan	0		4
Big Ten	1987-10-31		W	W 1	3		Northwestern	6	29	Michigan	0		5
Big Ten	1987-11-07	@	W	W 2	3		Minnesota	20	30	Michigan	0		6
Big Ten	1987-11-14	@	W	W 3	3		Illinois	14	17	Michigan	0		7
Big Ten	1987-11-21		L	L 1	4		Ohio State	23	20	Michigan	0		7
SEC	1988-01-02	N	W	W 1	4	Hall of Fame Bowl (Hall of Fame Bowl (Tampa, FL))	Alabama	24	28	Michigan	0		8
Ind	1988-09-10	@	L	L 1	1		(13) Notre Dame	19	17	(9) Michigan	0		0
Ind	1988-09-17		L	L 2	2		(1) Miami (FL)	31	30	(15) Michigan	0		0
ACC	1988-09-24		W	W 1	2		Wake Forest	9	19	(19) Michigan	0		1
Big Ten	1988-10-01	@	W	W 2	2		Wisconsin	14	62	(19) Michigan	0		2
Big Ten	1988-10-08		W	W 3	2		Michigan State	3	17	(17) Michigan	0		3
Big Ten	1988-10-15	@	T	T 1	2		Iowa	17	17	(15) Michigan	1		3
Big Ten	1988-10-22		W	W 1	2		(14) Indiana	6	31	(20) Michigan	1		4
Big Ten	1988-10-29	@	W	W 2	2		Northwestern	7	52	(14) Michigan	1		5
Big Ten	1988-11-05		W	W 3	2		Minnesota	7	22	(14) Michigan	1		6
Big Ten	1988-11-12		W	W 4	2		Illinois	9	38	(13) Michigan	1		7
Big Ten	1988-11-19	@	W	W 5	2		Ohio State	31	34	(12) Michigan	1		8
Pac-10	1989-01-02	@	W	W 6	2	Rose Bowl (Rose Bowl (Pasadena, CA))	(5) USC	14	22	(11) Michigan	1		9
Ind	1989-09-16		L	L 1	1		(1) Notre Dame	24	19	(2) Michigan	0		0
Pac-10	1989-09-23	@	W	W 1	1		(24) UCLA	23	24	(5) Michigan	0		1
ACC	1989-09-30		W	W 2	1		Maryland	21	41	(6) Michigan	0		2
Big Ten	1989-10-07		W	W 3	1		Wisconsin	0	24	(5) Michigan	0		3
Big Ten	1989-10-14	@	W	W 4	1		(21) Michigan State	7	10	(5) Michigan	0		4
Big Ten	1989-10-21	@	W	W 5	1		Iowa	12	26	(5) Michigan	0		5
Big Ten	1989-10-28		W	W 6	1		Indiana	10	38	(5) Michigan	0		6
Big Ten	1989-11-04		W	W 7	1		Purdue	27	42	(4) Michigan	0		7
Big Ten	1989-11-11	@	W	W 8	1		(8) Illinois	10	24	(3) Michigan	0		8
Big Ten	1989-11-18	@	W	W 9	1		Minnesota	15	49	(3) Michigan	0		9
Big Ten	1989-11-25		W	W 10	1		(20) Ohio State	18	28	(3) Michigan	0		10
Pac-10	1990-01-01	@	L	L 1	2	Rose Bowl (Rose Bowl (Pasadena, CA))	(12) USC	17	10	(3) Michigan	0		10
Ind	1990-09-15	@	L	L 1	1		(1) Notre Dame	28	24	(4) Michigan	0		0
Pac-10	1990-09-22		W	W 1	1		UCLA	15	38	(7) Michigan	0		1
ACC	1990-09-29		W	W 2	1		Maryland	17	45	(6) Michigan	0		2
Big Ten	1990-10-06	@	W	W 3	1		Wisconsin	3	41	(3) Michigan	0		3
Big Ten	1990-10-13		L	L 1	2		Michigan State	28	27	(1) Michigan	0		3
Big Ten	1990-10-20		L	L 2	3		(22) Iowa	24	23	(10) Michigan	0		3
Big Ten	1990-10-27	@	W	W 1	3		Indiana	19	45	(20) Michigan	0		4
Big Ten	1990-11-03	@	W	W 2	3		Purdue	13	38	(20) Michigan	0		5
Big Ten	1990-11-10		W	W 3	3		(17) Illinois	17	22	(19) Michigan	0		6
Big Ten	1990-11-17		W	W 4	3		Minnesota	18	35	(16) Michigan	0		7
Big Ten	1990-11-24	@	W	W 5	3		(19) Ohio State	13	16	(15) Michigan	0		8
SEC	1991-01-01	N	W	W 6	3	Gator Bowl (Gator Bowl (Jacksonville, FL))	(15) Ole Miss	3	35	(12) Michigan	0		9
Big East	1991-09-07	@	W	W 1	0		Boston College	13	35	(2) Michigan	0		1
Ind	1991-09-14		W	W 2	0		(7) Notre Dame	14	24	(3) Michigan	0		2
Ind	1991-09-28		L	L 1	1		(1) Florida State	51	31	(3) Michigan	0		2
Big Ten	1991-10-05	@	W	W 1	1		(9) Iowa	24	43	(7) Michigan	0		3
Big Ten	1991-10-12	@	W	W 2	1		Michigan State	28	45	(5) Michigan	0		4
Big Ten	1991-10-19		W	W 3	1		Indiana	16	24	(4) Michigan	0		5
Big Ten	1991-10-25	@	W	W 4	1		Minnesota	6	52	(4) Michigan	0		6
Big Ten	1991-11-02		W	W 5	1		Purdue	0	42	(4) Michigan	0		7
Big Ten	1991-11-09		W	W 6	1		Northwestern	14	59	(4) Michigan	0		8
Big Ten	1991-11-16	@	W	W 7	1		(25) Illinois	0	20	(4) Michigan	0		9
Big Ten	1991-11-23		W	W 8	1		(18) Ohio State	3	31	(4) Michigan	0		10
Pac-10	1992-01-01	N	L	L 1	2	Rose Bowl (Rose Bowl (Pasadena, CA))	(2) Washington	34	14	(4) Michigan	0		10
Ind	1992-09-12	@	T	T 1	0		(3) Notre Dame	17	17	(6) Michigan	1		0
Big 8	1992-09-19		W	W 1	0		Oklahoma State	3	35	(6) Michigan	1		1
SWC	1992-09-26		W	W 2	0		Houston	7	61	(4) Michigan	1		2
Big Ten	1992-10-03		W	W 3	0		Iowa	28	52	(4) Michigan	1		3
Big Ten	1992-10-10		W	W 4	0		Michigan State	10	35	(3) Michigan	1		4
Big Ten	1992-10-17	@	W	W 5	0		Indiana	3	31	(3) Michigan	1		5
Big Ten	1992-10-24		W	W 6	0		Minnesota	13	63	(3) Michigan	1		6
Big Ten	1992-10-31	@	W	W 7	0		Purdue	17	24	(3) Michigan	1		7
Big Ten	1992-11-07	@	W	W 8	0		Northwestern	7	40	(4) Michigan	1		8
Big Ten	1992-11-14		T	T 1	0		Illinois	22	22	(3) Michigan	2		8
Big Ten	1992-11-21	@	T	T 2	0		(17) Ohio State	13	13	(6) Michigan	3		8
Pac-10	1993-01-01	N	W	W 1	0	Rose Bowl (Rose Bowl (Pasadena, CA))	(9) Washington	31	38	(7) Michigan	3		9
Pac-10	1993-09-04		W	W 1	0		Washington State	14	41	(3) Michigan	0		1
Ind	1993-09-11		L	L 1	1		(11) Notre Dame	27	23	(3) Michigan	0		1
SWC	1993-09-25		W	W 1	1		Houston	21	42	(8) Michigan	0		2
Big Ten	1993-10-02		W	W 2	1		Iowa	7	24	(8) Michigan	0		3
Big Ten	1993-10-09	@	L	L 1	2		Michigan State	17	7	(9) Michigan	0		3
Big Ten	1993-10-16	@	W	W 1	2		(7) Penn State	13	21	(18) Michigan	0		4
Big Ten	1993-10-23		L	L 1	3		Illinois	24	21	(13) Michigan	0		4
Big Ten	1993-10-30	@	L	L 2	4		(21) Wisconsin	13	10	(24) Michigan	0		4
Big Ten	1993-11-06		W	W 1	4		Purdue	10	25	Michigan	0		5
Big Ten	1993-11-13	@	W	W 2	4		Minnesota	7	58	Michigan	0		6
Big Ten	1993-11-20		W	W 3	4		(5) Ohio State	0	28	Michigan	0		7
ACC	1994-01-01	N	W	W 4	4	Hall of Fame Bowl (Hall of Fame Bowl (Tampa, FL))	North Carolina State	7	42	(23) Michigan	0		8
Big East	1994-09-03		W	W 1	0		Boston College	26	34	(5) Michigan	0		1
Ind	1994-09-10	@	W	W 2	0		(3) Notre Dame	24	26	(6) Michigan	0		2
Big 8	1994-09-24		L	L 1	1		(7) Colorado	27	26	(4) Michigan	0		2
Big Ten	1994-10-01	@	W	W 1	1		Iowa	14	29	(7) Michigan	0		3
Big Ten	1994-10-08		W	W 2	1		Michigan State	20	40	(7) Michigan	0		4
Big Ten	1994-10-15		L	L 1	2		(3) Penn State	31	24	(5) Michigan	0		4
Big Ten	1994-10-22	@	W	W 1	2		Illinois	14	19	(11) Michigan	0		5
Big Ten	1994-10-29		L	L 1	3		Wisconsin	31	19	(10) Michigan	0		5
Big Ten	1994-11-05	@	W	W 1	3		Purdue	23	45	(20) Michigan	0		6
Big Ten	1994-11-12		W	W 2	3		Minnesota	22	38	(19) Michigan	0		7
Big Ten	1994-11-19	@	L	L 1	4		(22) Ohio State	22	6	(15) Michigan	0		7
WAC	1994-12-30	N	W	W 1	4	Holiday Bowl (Holiday Bowl (San Diego, CA))	(10) Colorado State	14	24	(20) Michigan	0		8
ACC	1995-08-26		W	W 1	0	Pigskin Classic (Ann Arbor, MI)	(17) Virginia	17	18	(14) Michigan	0		1
Big Ten	1995-09-02	@	W	W 2	0		(25) Illinois	14	38	(13) Michigan	0		2
Ind	1995-09-09		W	W 3	0		Memphis	7	24	(11) Michigan	0		3
Big East	1995-09-16	@	W	W 4	0		Boston College	13	23	(11) Michigan	0		4
MAC	1995-09-30		W	W 5	0		Miami (OH)	19	38	(8) Michigan	0		5
Big Ten	1995-10-07		L	L 1	1		(25) Northwestern	19	13	(7) Michigan	0		5
Big Ten	1995-10-21	@	W	W 1	1		Indiana	17	34	(10) Michigan	0		6
Big Ten	1995-10-28		W	W 2	1		Minnesota	17	52	(9) Michigan	0		7
Big Ten	1995-11-04	@	L	L 1	2		Michigan State	28	25	(7) Michigan	0		7
Big Ten	1995-11-11		W	W 1	2		Purdue	0	5	(13) Michigan	0		8
Big Ten	1995-11-18	@	L	L 1	3		(19) Penn State	27	17	(12) Michigan	0		8
Big Ten	1995-11-25		W	W 1	3		(2) Ohio State	23	31	(18) Michigan	0		9
SWC	1995-12-28	N	L	L 1	4	Alamo Bowl (Alamo Bowl (San Antonio, TX))	(19) Texas A&M	22	20	(14) Michigan	0		9
Big Ten	1996-08-31		W	W 1	0		Illinois	8	20	(12) Michigan			1
Big 12	1996-09-14	@	W	W 2	0		(5) Colorado	13	20	(11) Michigan			2
Big East	1996-09-21		W	W 3	0		Boston College	14	20	(8) Michigan			3
Pac-10	1996-09-28		W	W 4	0		UCLA	9	38	(7) Michigan			4
Big Ten	1996-10-05	@	L	L 1	1		(22) Northwestern	17	16	(6) Michigan			4
Big Ten	1996-10-19		W	W 1	1		Indiana	20	27	(13) Michigan			5
Big Ten	1996-10-26	@	W	W 2	1		Minnesota	10	44	(10) Michigan			6
Big Ten	1996-11-02		W	W 3	1		Michigan State	29	45	(9) Michigan			7
Big Ten	1996-11-09	@	L	L 1	2		Purdue	9	3	(9) Michigan			7
Big Ten	1996-11-16		L	L 2	3		(11) Penn State	29	17	(16) Michigan			7
Big Ten	1996-11-23	@	W	W 1	3		(2) Ohio State	9	13	(21) Michigan			8
SEC	1997-01-01	N	L	L 1	4	Outback Bowl (Outback Bowl (Tampa, FL))	(16) Alabama	17	14	(15) Michigan			8
Big 12	1997-09-13		W	W 1	0		(8) Colorado	3	27	(14) Michigan			1
Big 12	1997-09-20		W	W 2	0		Baylor	3	38	(8) Michigan			2
Ind	1997-09-27		W	W 3	0		Notre Dame	14	21	(6) Michigan			3
Big Ten	1997-10-04	@	W	W 4	0		Indiana	0	37	(6) Michigan			4
Big Ten	1997-10-11		W	W 5	0		Northwestern	6	23	(6) Michigan			5
Big Ten	1997-10-18		W	W 6	0		(15) Iowa	24	28	(5) Michigan			6
Big Ten	1997-10-25	@	W	W 7	0		(15) Michigan State	7	23	(5) Michigan			7
Big Ten	1997-11-01		W	W 8	0		Minnesota	3	24	(4) Michigan			8
Big Ten	1997-11-08	@	W	W 9	0		(2) Penn State	8	34	(4) Michigan			9
Big Ten	1997-11-15	@	W	W 10	0		(23) Wisconsin	16	26	(1) Michigan			10
Big Ten	1997-11-22		W	W 11	0		(4) Ohio State	14	20	(1) Michigan			11
Pac-10	1998-01-01	N	W	W 12	0	Rose Bowl (Rose Bowl (Pasadena, CA))	(8) Washington State	16	21	(1) Michigan			12
Ind	1998-09-05	@	L	L 1	1		(22) Notre Dame	36	20	(5) Michigan			0
Big East	1998-09-12		L	L 2	2		(19) Syracuse	38	28	(13) Michigan			0
MAC	1998-09-19		W	W 1	2		Eastern Michigan	20	59	Michigan			1
Big Ten	1998-09-26		W	W 2	2		Michigan State	17	29	Michigan			2
Big Ten	1998-10-03	@	W	W 3	2		Iowa	9	12	(25) Michigan			3
Big Ten	1998-10-17	@	W	W 4	2		Northwestern	6	12	Michigan			4
Big Ten	1998-10-24		W	W 5	2		Indiana	10	21	Michigan			5
Big Ten	1998-10-31	@	W	W 6	2		Minnesota	10	15	(22) Michigan			6
Big Ten	1998-11-07		W	W 7	2		(9) Penn State	0	27	(22) Michigan			7
Big Ten	1998-11-14		W	W 8	2		(8) Wisconsin	10	27	(15) Michigan			8
Big Ten	1998-11-21	@	L	L 1	3		(7) Ohio State	31	16	(11) Michigan			8
WAC	1998-11-28	@	W	W 1	3		Hawaii	17	48	(15) Michigan			9
SEC	1999-01-01	N	W	W 2	3	Citrus Bowl (Citrus Bowl (Orlando, FL))	(11) Arkansas	31	45	(15) Michigan			10
Ind	1999-09-04		W	W 1	0		(16) Notre Dame	22	26	(7) Michigan			1
WAC	1999-09-11		W	W 2	0		Rice	3	37	(6) Michigan			2
Big East	1999-09-18	@	W	W 3	0		Syracuse	13	18	(6) Michigan			3
Big Ten	1999-09-25	@	W	W 4	0		(20) Wisconsin	16	21	(4) Michigan			4
Big Ten	1999-10-02		W	W 5	0		(11) Purdue	12	38	(4) Michigan			5
Big Ten	1999-10-09	@	L	L 1	1		(11) Michigan State	34	31	(3) Michigan			5
Big Ten	1999-10-23		L	L 2	2		Illinois	35	29	(9) Michigan			5
Big Ten	1999-10-30	@	W	W 1	2		Indiana	31	34	(15) Michigan			6
Big Ten	1999-11-06		W	W 2	2		Northwestern	3	37	(16) Michigan			7
Big Ten	1999-11-13	@	W	W 3	2		(6) Penn State	27	31	(16) Michigan			8
Big Ten	1999-11-20		W	W 4	2		Ohio State	17	24	(10) Michigan			9
SEC	2000-01-01	N	W	W 5	2	Orange Bowl (Orange Bowl (Miami, FL))	(5) Alabama	34	35	(8) Michigan			10
MAC	2000-09-02		W	W 1	0		Bowling Green State	7	42	(6) Michigan			1
WAC	2000-09-09		W	W 2	0		Rice	7	38	(3) Michigan			2
Pac-10	2000-09-16	@	L	L 1	1		(14) UCLA	23	20	(3) Michigan			2
Big Ten	2000-09-23	@	W	W 1	1		(19) Illinois	31	35	(10) Michigan			3
Big Ten	2000-09-30		W	W 2	1		(17) Wisconsin	10	13	(9) Michigan			4
Big Ten	2000-10-07	@	L	L 1	2		Purdue	32	31	(6) Michigan			4
Big Ten	2000-10-14		W	W 1	2		Indiana	0	58	(18) Michigan			5
Big Ten	2000-10-21		W	W 2	2		Michigan State	0	14	(16) Michigan			6
Big Ten	2000-11-04	@	L	L 1	3		(21) Northwestern	54	51	(12) Michigan			6
Big Ten	2000-11-11		W	W 1	3		Penn State	11	33	(20) Michigan			7
Big Ten	2000-11-18	@	W	W 2	3		(12) Ohio State	26	38	(19) Michigan			8
SEC	2001-01-01	N	W	W 3	3	Citrus Bowl (Citrus Bowl (Orlando, FL))	(20) Auburn	28	31	(17) Michigan			9
MAC	2001-09-01		W	W 1	0		Miami (OH)	13	31	(12) Michigan			1
Pac-10	2001-09-08	@	L	L 1	1		(15) Washington	23	18	(11) Michigan			1
MAC	2001-09-22		W	W 1	1		Western Michigan	21	38	(20) Michigan			2
Big Ten	2001-09-29		W	W 2	1		(22) Illinois	20	45	(17) Michigan			3
Big Ten	2001-10-06	@	W	W 3	1		Penn State	0	20	(15) Michigan			4
Big Ten	2001-10-13		W	W 4	1		(17) Purdue	10	24	(12) Michigan			5
Big Ten	2001-10-27	@	W	W 5	1		Iowa	26	32	(8) Michigan			6
Big Ten	2001-11-03	@	L	L 1	2		Michigan State	26	24	(6) Michigan			6
Big Ten	2001-11-10		W	W 1	2		Minnesota	10	31	(12) Michigan			7
Big Ten	2001-11-17	@	W	W 2	2		Wisconsin	17	20	(11) Michigan			8
Big Ten	2001-11-24		L	L 1	3		Ohio State	26	20	(11) Michigan			8
SEC	2002-01-01	N	L	L 2	4	Citrus Bowl (Citrus Bowl (Orlando, FL))	(8) Tennessee	45	17	(17) Michigan			8
Pac-10	2002-08-31		W	W 1	0		(11) Washington	29	31	(13) Michigan			1
MAC	2002-09-07		W	W 2	0		Western Michigan	12	35	(7) Michigan			2
Ind	2002-09-14	@	L	L 1	1		(20) Notre Dame	25	23	(7) Michigan			2
MWC	2002-09-21		W	W 1	1		Utah	7	10	(14) Michigan			3
Big Ten	2002-09-28	@	W	W 2	1		Illinois	28	45	(14) Michigan			4
Big Ten	2002-10-12		W	W 3	1		(15) Penn State	24	27	(13) Michigan			5
Big Ten	2002-10-19	@	W	W 4	1		Purdue	21	23	(11) Michigan			6
Big Ten	2002-10-26		L	L 1	2		(13) Iowa	34	9	(8) Michigan			6
Big Ten	2002-11-02		W	W 1	2		Michigan State	3	49	(15) Michigan			7
Big Ten	2002-11-09	@	W	W 2	2		Minnesota	24	41	(13) Michigan			8
Big Ten	2002-11-16		W	W 3	2		Wisconsin	14	21	(12) Michigan			9
Big Ten	2002-11-23	@	L	L 1	3		(2) Ohio State	14	9	(12) Michigan			9
SEC	2003-01-01	N	W	W 1	3	Outback Bowl (Outback Bowl (Tampa, FL))	(22) Florida	30	38	(12) Michigan			10
MAC	2003-08-30		W	W 1	0		Central Michigan	7	45	(4) Michigan			1
CUSA	2003-09-06		W	W 2	0		Houston	3	50	(5) Michigan			2
Ind	2003-09-13		W	W 3	0		(15) Notre Dame	0	38	(5) Michigan			3
Pac-10	2003-09-20	@	L	L 1	1		(22) Oregon	31	27	(3) Michigan			3
Big Ten	2003-09-27		W	W 1	1		Indiana	17	31	(11) Michigan			4
Big Ten	2003-10-04	@	L	L 1	2		(23) Iowa	30	27	(9) Michigan			4
Big Ten	2003-10-10	@	W	W 1	2		(17) Minnesota	35	38	(20) Michigan			5
Big Ten	2003-10-18		W	W 2	2		Illinois	14	56	(17) Michigan			6
Big Ten	2003-10-25		W	W 3	2		(10) Purdue	3	31	(13) Michigan			7
Big Ten	2003-11-01	@	W	W 4	2		(9) Michigan State	20	27	(11) Michigan			8
Big Ten	2003-11-15	@	W	W 5	2		Northwestern	10	41	(5) Michigan			9
Big Ten	2003-11-22		W	W 6	2		(4) Ohio State	21	35	(5) Michigan			10
Pac-10	2004-01-01	@	L	L 1	3	Rose Bowl (Rose Bowl (Pasadena, CA))	(1) USC	28	14	(4) Michigan			10
MAC	2004-09-04		W	W 1	0		Miami (OH)	10	43	(8) Michigan			1
Ind	2004-09-11	@	L	L 1	1		Notre Dame	28	20	(8) Michigan			1
MWC	2004-09-18		W	W 1	1		San Diego State	21	24	(17) Michigan			2
Big Ten	2004-09-25		W	W 2	1		Iowa	17	30	(18) Michigan			3
Big Ten	2004-10-02	@	W	W 3	1		Indiana	14	35	(19) Michigan			4
Big Ten	2004-10-09		W	W 4	1		(13) Minnesota	24	27	(14) Michigan			5
Big Ten	2004-10-16	@	W	W 5	1		Illinois	19	30	(14) Michigan			6
Big Ten	2004-10-23	@	W	W 6	1		(12) Purdue	14	16	(13) Michigan			7
Big Ten	2004-10-30		W	W 7	1		Michigan State	37	45	(12) Michigan			8
Big Ten	2004-11-13		W	W 8	1		Northwestern	20	42	(9) Michigan			9
Big Ten	2004-11-20	@	L	L 1	2		Ohio State	37	21	(7) Michigan			9
Big 12	2005-01-01	N	L	L 2	3	Rose Bowl (Rose Bowl (Pasadena, CA))	(6) Texas	38	37	(13) Michigan			9
MAC	2005-09-03		W	W 1	0		Northern Illinois	17	33	(4) Michigan			1
Ind	2005-09-10		L	L 1	1		(20) Notre Dame	17	10	(3) Michigan			1
MAC	2005-09-17		W	W 1	1		Eastern Michigan	0	55	(14) Michigan			2
Big Ten	2005-09-24	@	L	L 1	2		Wisconsin	23	20	(14) Michigan			2
Big Ten	2005-10-01	@	W	W 1	2		(11) Michigan State	31	34	Michigan			3
Big Ten	2005-10-08		L	L 1	3		Minnesota	23	20	(21) Michigan			3
Big Ten	2005-10-15		W	W 1	3		(8) Penn State	25	27	Michigan			4
Big Ten	2005-10-22	@	W	W 2	3		Iowa	20	23	Michigan			5
Big Ten	2005-10-29	@	W	W 3	3		(21) Northwestern	17	33	(25) Michigan			6
Big Ten	2005-11-12		W	W 4	3		Indiana	14	41	(21) Michigan			7
Big Ten	2005-11-19		L	L 1	4		(9) Ohio State	25	21	(17) Michigan			7
Big 12	2005-12-28	N	L	L 2	5	Alamo Bowl (Alamo Bowl (San Antonio, TX))	Nebraska	32	28	(20) Michigan			7
SEC	2006-09-02		W	W 1	0		Vanderbilt	7	27	(14) Michigan			1
MAC	2006-09-09		W	W 2	0		Central Michigan	17	41	(10) Michigan			2
Ind	2006-09-16	@	W	W 3	0		(2) Notre Dame	21	47	(11) Michigan			3
Big Ten	2006-09-23		W	W 4	0		Wisconsin	13	27	(6) Michigan			4
Big Ten	2006-09-30	@	W	W 5	0		Minnesota	14	28	(6) Michigan			5
Big Ten	2006-10-07		W	W 6	0		Michigan State	13	31	(6) Michigan			6
Big Ten	2006-10-14	@	W	W 7	0		Penn State	10	17	(4) Michigan			7
Big Ten	2006-10-21		W	W 8	0		Iowa	6	20	(2) Michigan			8
Big Ten	2006-10-28		W	W 9	0		Northwestern	3	17	(2) Michigan			9
MAC	2006-11-04		W	W 10	0		Ball State	26	34	(2) Michigan			10
Big Ten	2006-11-11	@	W	W 11	0		Indiana	3	34	(2) Michigan			11
Big Ten	2006-11-18	@	L	L 1	1		(1) Ohio State	42	39	(2) Michigan			11
Pac-10	2007-01-01	@	L	L 2	2	Rose Bowl (Rose Bowl (Pasadena, CA))	(8) USC	32	18	(3) Michigan			11
Non-Major	2007-09-01		L	L 1	1		Appalachian State	34	32	(5) Michigan			0
Pac-10	2007-09-08		L	L 2	2		Oregon	39	7	Michigan			0
Ind	2007-09-15		W	W 1	2		Notre Dame	0	38	Michigan			1
Big Ten	2007-09-22		W	W 2	2		(10) Penn State	9	14	Michigan			2
Big Ten	2007-09-29	@	W	W 3	2		Northwestern	16	28	Michigan			3
MAC	2007-10-06		W	W 4	2		Eastern Michigan	22	33	Michigan			4
Big Ten	2007-10-13		W	W 5	2		Purdue	21	48	Michigan			5
Big Ten	2007-10-20	@	W	W 6	2		Illinois	17	27	(24) Michigan			6
Big Ten	2007-10-27		W	W 7	2		Minnesota	10	34	(19) Michigan			7
Big Ten	2007-11-03	@	W	W 8	2		Michigan State	24	28	(15) Michigan			8
Big Ten	2007-11-10	@	L	L 1	3		Wisconsin	37	21	(13) Michigan			8
Big Ten	2007-11-17		L	L 2	4		(7) Ohio State	14	3	(23) Michigan			8
SEC	2008-01-01	N	W	W 1	4	Capital One Bowl (Capital One Bowl (Orlando, FL))	(9) Florida	35	41	Michigan			9
MWC	2008-08-30		L	L 1	1		Utah	25	23	Michigan			0
MAC	2008-09-06		W	W 1	1		Miami (OH)	6	16	Michigan			1
Ind	2008-09-13	@	L	L 1	2		Notre Dame	35	17	Michigan			1
Big Ten	2008-09-27		W	W 1	2		(9) Wisconsin	25	27	Michigan			2
Big Ten	2008-10-04		L	L 1	3		Illinois	45	20	Michigan			2
MAC	2008-10-11		L	L 2	4		Toledo	13	10	Michigan			2
Big Ten	2008-10-18	@	L	L 3	5		(3) Penn State	46	17	Michigan			2
Big Ten	2008-10-25		L	L 4	6		Michigan State	35	21	Michigan			2
Big Ten	2008-11-01	@	L	L 5	7		Purdue	48	42	Michigan			2
Big Ten	2008-11-08	@	W	W 1	7		Minnesota	6	29	Michigan			3
Big Ten	2008-11-15		L	L 1	8		Northwestern	21	14	Michigan			3
Big Ten	2008-11-22	@	L	L 2	9		(10) Ohio State	42	7	Michigan			3
MAC	2009-09-05		W	W 1	0		Western Michigan	7	31	Michigan			1
Ind	2009-09-12		W	W 2	0		(18) Notre Dame	34	38	Michigan			2
MAC	2009-09-19		W	W 3	0		Eastern Michigan	17	45	(25) Michigan			3
Big Ten	2009-09-26		W	W 4	0		Indiana	33	36	(23) Michigan			4
Big Ten	2009-10-03	@	L	L 1	1		Michigan State	26	20	(22) Michigan			4
Big Ten	2009-10-10	@	L	L 2	2		(12) Iowa	30	28	Michigan			4
Non-Major	2009-10-17		W	W 1	2		Delaware State	6	63	Michigan			5
Big Ten	2009-10-24		L	L 1	3		(13) Penn State	35	10	Michigan			5
Big Ten	2009-10-31	@	L	L 2	4		Illinois	38	13	Michigan			5
Big Ten	2009-11-07		L	L 3	5		Purdue	38	36	Michigan			5
Big Ten	2009-11-14	@	L	L 4	6		(21) Wisconsin	45	24	Michigan			5
Big Ten	2009-11-21		L	L 5	7		(9) Ohio State	21	10	Michigan			5
Big East	2010-09-04		W	W 1	0		Connecticut	10	30	Michigan			1
Ind	2010-09-11	@	W	W 2	0		Notre Dame	24	28	Michigan			2
Non-Major	2010-09-18		W	W 3	0		Massachusetts	37	42	(20) Michigan			3
MAC	2010-09-25		W	W 4	0		Bowling Green State	21	65	(21) Michigan			4
Big Ten	2010-10-02	@	W	W 5	0		Indiana	35	42	(19) Michigan			5
Big Ten	2010-10-09		L	L 1	1		(17) Michigan State	34	17	(18) Michigan			5
Big Ten	2010-10-16		L	L 2	2		(15) Iowa	38	28	Michigan			5
Big Ten	2010-10-30	@	L	L 3	3		Penn State	41	31	Michigan			5
Big Ten	2010-11-06		W	W 1	3		Illinois	65	67	Michigan			6
Big Ten	2010-11-13	@	W	W 2	3		Purdue	16	27	Michigan			7
Big Ten	2010-11-20		L	L 1	4		(6) Wisconsin	48	28	Michigan			7
Big Ten	2010-11-27	@	L	L 2	5		(8) Ohio State	37	7	Michigan			7
SEC	2011-01-01	N	L	L 3	6	Gator Bowl (Gator Bowl (Jacksonville, FL))	(21) Mississippi State	52	14	Michigan			7
MAC	2011-09-03		W	W 1	0		Western Michigan	10	34	Michigan			1
Ind	2011-09-10		W	W 2	0		Notre Dame	31	35	Michigan			2
MAC	2011-09-17		W	W 3	0		Eastern Michigan	3	31	Michigan			3
MWC	2011-09-24		W	W 4	0		San Diego State	7	28	(22) Michigan			4
Big Ten	2011-10-01		W	W 5	0		Minnesota	0	58	(19) Michigan			5
Big Ten	2011-10-08	@	W	W 6	0		Northwestern	24	42	(12) Michigan			6
Big Ten	2011-10-15	@	L	L 1	1		(23) Michigan State	28	14	(11) Michigan			6
Big Ten	2011-10-29		W	W 1	1		Purdue	14	36	(17) Michigan			7
Big Ten	2011-11-05	@	L	L 1	2		Iowa	24	16	(13) Michigan			7
Big Ten	2011-11-12	@	W	W 1	2		Illinois	14	31	(22) Michigan			8
Big Ten	2011-11-19		W	W 2	2		(17) Nebraska	17	45	(20) Michigan			9
Big Ten	2011-11-26		W	W 3	2		Ohio State	34	40	(17) Michigan			10
ACC	2012-01-03	N	W	W 4	2	Sugar Bowl (Sugar Bowl (New Orleans, LA))	(17) Virginia Tech	20	23	(13) Michigan			11
SEC	2012-09-01	N	L	L 1	1	Arlington, TX	(2) Alabama	41	14	(8) Michigan			0
MWC	2012-09-08		W	W 1	1		Air Force	25	31	(19) Michigan			1
MAC	2012-09-15		W	W 2	1		Massachusetts	13	63	(17) Michigan			2
Ind	2012-09-22	@	L	L 1	2		(11) Notre Dame	13	6	(18) Michigan			2
Big Ten	2012-10-06	@	W	W 1	2		Purdue	13	44	Michigan			3
Big Ten	2012-10-13		W	W 2	2		Illinois	0	45	(25) Michigan			4
Big Ten	2012-10-20		W	W 3	2		Michigan State	10	12	(23) Michigan			5
Big Ten	2012-10-27	@	L	L 1	3		Nebraska	23	9	(20) Michigan			5
Big Ten	2012-11-03	@	W	W 1	3		Minnesota	13	35	Michigan			6
Big Ten	2012-11-10		W	W 2	3		Northwestern	31	38	Michigan			7
Big Ten	2012-11-17		W	W 3	3		Iowa	17	42	(23) Michigan			8
Big Ten	2012-11-24	@	L	L 1	4		(4) Ohio State	26	21	(20) Michigan			8
SEC	2013-01-01	N	L	L 2	5	Outback Bowl (Outback Bowl (Tampa, FL))	(11) South Carolina	33	28	(19) Michigan			8
MAC	2013-08-31		W	W 1	0		Central Michigan	9	59	(17) Michigan		3:30 PM	1
Ind	2013-09-07		W	W 2	0		(14) Notre Dame	30	41	(17) Michigan		8:00 PM	2
MAC	2013-09-14		W	W 3	0		Akron	24	28	(11) Michigan		12:00 PM	3
American	2013-09-21	@	W	W 4	0		Connecticut	21	24	(15) Michigan		8:00 PM	4
Big Ten	2013-10-05		W	W 5	0		Minnesota	13	42	(19) Michigan		3:30 PM	5
Big Ten	2013-10-12	@	L	L 1	1		Penn State	43	40	(18) Michigan		5:00 PM	5
Big Ten	2013-10-19		W	W 1	1		Indiana	47	63	Michigan		3:30 PM	6
Big Ten	2013-11-02	@	L	L 1	2		(24) Michigan State	29	6	(23) Michigan		3:30 PM	6
Big Ten	2013-11-09		L	L 2	3		Nebraska	17	13	Michigan		3:30 PM	6
Big Ten	2013-11-16	@	W	W 1	3		Northwestern	19	27	Michigan		3:30 PM	7
Big Ten	2013-11-23	@	L	L 1	4		Iowa	24	21	Michigan		12:00 PM	7
Big Ten	2013-11-30		L	L 2	5		(3) Ohio State	42	41	Michigan		12:00 PM	7
Big 12	2013-12-28	N	L	L 3	6	Buffalo Wild Wings Bowl (Tempe, AZ)	Kansas State	31	14	Michigan		10:15 PM	7
Sun Belt	2014-08-30		W	W 1	0		Appalachian State	14	52	Michigan		12:00 PM	1
Ind	2014-09-06	@	L	L 1	1		(16) Notre Dame	31	0	Michigan		7:30 PM	1
MAC	2014-09-13		W	W 1	1		Miami (OH)	10	34	Michigan		3:30 PM	2
Pac-12	2014-09-20		L	L 1	2		Utah	26	10	Michigan		3:30 PM	2
Big Ten	2014-09-27		L	L 2	3		Minnesota	30	14	Michigan		3:30 PM	2
Big Ten	2014-10-04	@	L	L 3	4		Rutgers	26	24	Michigan		7:00 PM	2
Big Ten	2014-10-11		W	W 1	4		Penn State	13	18	Michigan		7:00 PM	3
Big Ten	2014-10-25	@	L	L 1	5		(8) Michigan State	35	11	Michigan		3:30 PM	3
Big Ten	2014-11-01		W	W 1	5		Indiana	10	34	Michigan		3:30 PM	4
Big Ten	2014-11-08	@	W	W 2	5		Northwestern	9	10	Michigan		3:30 PM	5
Big Ten	2014-11-22		L	L 1	6		Maryland	23	16	Michigan		3:30 PM	5
Big Ten	2014-11-29	@	L	L 2	7		(7) Ohio State	42	28	Michigan		12:00 PM	5
Pac-12	2015-09-03	@	L	L 1	1		Utah	24	17	Michigan		8:30 PM	0
Pac-12	2015-09-12		W	W 1	1		Oregon State	7	35	Michigan		12:00 PM	1
MWC	2015-09-19		W	W 2	1		Nevada-Las Vegas	7	28	Michigan		12:00 PM	2
Ind	2015-09-26		W	W 3	1		(22) Brigham Young	0	31	Michigan		12:00 PM	3
Big Ten	2015-10-03	@	W	W 4	1		Maryland	0	28	(22) Michigan		12:00 PM	4
Big Ten	2015-10-10		W	W 5	1		(13) Northwestern	0	38	(18) Michigan		3:30 PM	5
Big Ten	2015-10-17		L	L 1	2		(7) Michigan State	27	23	(12) Michigan		3:30 PM	5
Big Ten	2015-10-31	@	W	W 1	2		Minnesota	26	29	(15) Michigan		7:00 PM	6
Big Ten	2015-11-07		W	W 2	2		Rutgers	16	49	(16) Michigan		3:30 PM	7
Big Ten	2015-11-14	@	W	W 3	2		Indiana	41	48	(15) Michigan		3:30 PM	8
Big Ten	2015-11-21	@	W	W 4	2		Penn State	16	28	(14) Michigan		12:00 PM	9
Big Ten	2015-11-28		L	L 1	3		(8) Ohio State	42	13	(12) Michigan		12:00 PM	9
SEC	2016-01-01	N	W	W 1	3	Citrus Bowl (Orlando, FL)	(19) Florida	7	41	(17) Michigan		1:00 PM	10
MWC	2016-09-03		W	W 1	0		Hawaii	3	63	(7) Michigan		12:00 PM	1
American	2016-09-10		W	W 2	0		UCF	14	51	(5) Michigan		12:00 PM	2
Pac-12	2016-09-17		W	W 3	0		Colorado	28	45	(4) Michigan		3:30 PM	3
Big Ten	2016-09-24		W	W 4	0		Penn State	10	49	(4) Michigan		3:30 PM	4
Big Ten	2016-10-01		W	W 5	0		(8) Wisconsin	7	14	(4) Michigan		3:30 PM	5
Big Ten	2016-10-08	@	W	W 6	0		Rutgers	0	78	(4) Michigan		7:00 PM	6
Big Ten	2016-10-22		W	W 7	0		Illinois	8	41	(3) Michigan		3:30 PM	7
Big Ten	2016-10-29	@	W	W 8	0		Michigan State	23	32	(2) Michigan		12:00 PM	8
Big Ten	2016-11-05		W	W 9	0		Maryland	3	59	(2) Michigan		3:30 PM	9
Big Ten	2016-11-12	@	L	L 1	1		Iowa	14	13	(2) Michigan		8:00 PM	9
Big Ten	2016-11-19		W	W 1	1		Indiana	10	20	(4) Michigan		3:30 PM	10
Big Ten	2016-11-26	@	L	L 1	2		(2) Ohio State	30	27	(3) Michigan		12:00 PM	10
ACC	2016-12-30	N	L	L 2	3	Orange Bowl	(10) Florida State	33	32	(6) Michigan		8:00 PM	10
SEC	2017-09-02	N	W	W 1	0		(17) Florida	17	33	(11) Michigan		3:30 PM	1
American	2017-09-09		W	W 2	0		Cincinnati	14	36	(8) Michigan		12:00 PM	2
MWC	2017-09-16		W	W 3	0		Air Force	13	29	(7) Michigan		12:00 PM	3
Big Ten	2017-09-23	@	W	W 4	0		Purdue	10	28	(8) Michigan		4:00 PM	4
Big Ten	2017-10-07		L	L 1	1		Michigan State	14	10	(7) Michigan		7:30 PM	4
Big Ten	2017-10-14	@	W	W 1	1		Indiana	20	27	(17) Michigan		12:00 PM	5
Big Ten	2017-10-21	@	L	L 1	2		(2) Penn State	42	13	(19) Michigan		7:30 PM	5
Big Ten	2017-10-28		W	W 1	2		Rutgers	14	35	Michigan		12:00 PM	6
Big Ten	2017-11-04		W	W 2	2		Minnesota	10	33	Michigan		7:30 PM	7
Big Ten	2017-11-11	@	W	W 3	2		Maryland	10	35	(21) Michigan		3:30 PM	8
Big Ten	2017-11-18	@	L	L 1	3		(6) Wisconsin	24	10	(21) Michigan		12:00 PM	8
Big Ten	2017-11-25		L	L 2	4		(8) Ohio State	31	20	Michigan		12:00 PM	8
SEC	2018-01-01	N	L	L 3	5	Outback Bowl	South Carolina	26	19	Michigan		12:00 PM	8
